M_G,G-RP,BP-RP
9.001,1.292,3.125
9.001,1.268,2.929
9.002,1.058,2.188
9.008,1.243,2.99
9.009,1.353,3.51
9.014,1.171,2.59
9.027,1.221,2.804
9.029,1.081,2.267
9.032,1.284,3.078
9.042,1.246,2.924
9.043,1.359,3.565
9.047,1.248,2.941
9.052,1.311,3.234
9.059,1.267,2.976
9.069,1.158,2.524
9.078,1.252,2.935
9.081,1.269,3.033
9.081,1.263,3.016
9.085,1.319,3.285
9.087,1.487,3.195
9.088,1.37,3.548
9.088,1.399,3.367
9.091,1.267,3.047
9.099,1.245,2.904
9.1,1.181,2.573
9.1,1.275,3.057
9.101,1.285,3.1
9.101,1.249,2.954
9.102,1.157,2.415
9.103,1.277,3.073
9.107,1.438,2.871
9.107,1.3,3.184
9.108,1.263,3.012
9.111,1.236,2.896
9.115,1.235,2.83
9.124,1.29,3.162
9.125,1.203,2.713
9.126,1.249,2.949
9.128,1.132,2.426
9.129,1.253,2.946
9.133,1.248,2.907
9.135,1.336,3.403
9.137,1.217,2.781
9.138,1.317,3.266
9.141,1.167,2.555
9.143,1.743,2.495
9.145,1.196,2.675
9.155,0.998,2.016
9.158,1.247,2.907
9.158,1.291,2.856
9.163,1.305,3.228
9.164,1.37,3.406
9.164,1.345,3.402
9.165,1.257,2.954
9.17,1.298,2.946
9.171,1.23,2.823
9.173,1.238,2.895
9.176,1.477,3.269
9.181,0.773,1.424
9.183,1.268,3.001
9.184,1.247,2.933
9.186,1.212,2.767
9.186,1.224,2.689
9.187,1.242,2.915
9.188,1.597,2.79
9.189,1.286,3.09
9.19,1.218,2.734
9.2,1.318,3.306
9.201,1.287,3.189
9.203,1.265,2.99
9.203,1.551,2.604
9.204,1.198,2.688
9.211,1.278,3.069
9.212,1.218,2.783
9.214,1.258,2.937
9.217,1.155,2.524
9.22,1.364,3.611
9.226,1.217,2.776
9.227,1.426,4.03
9.23,1.134,2.44
9.24,1.307,3.217
9.242,1.401,2.85
9.243,1.265,3.032
9.245,1.01,2.029
9.246,1.329,3.57
9.252,1.221,2.803
9.252,1.295,3.154
9.255,1.338,3.407
9.257,1.352,3.487
9.257,1.086,2.272
9.257,1.32,3.299
9.26,1.199,2.707
9.26,1.399,3.798
9.261,1.253,2.974
9.263,1.283,3.12
9.266,1.113,2.352
9.269,1.255,2.963
9.279,1.307,3.227
9.279,1.287,3.132
9.28,1.212,2.766
9.285,1.166,2.585
9.286,1.288,3.141
9.29,1.209,2.726
9.292,1.305,3.239
9.296,1.289,3.149
9.297,1.26,2.99
9.297,1.293,2.831
9.31,1.228,2.808
9.314,1.269,2.766
9.314,1.328,3.299
9.316,1.165,2.563
9.317,1.266,2.894
9.318,1.083,2.266
9.321,1.29,3.146
9.322,1.237,2.825
9.325,1.358,3.543
9.327,1.388,3.719
9.327,1.303,3.203
9.335,1.207,2.703
9.338,1.126,2.413
9.34,1.234,2.856
9.34,1.298,3.144
9.34,1.284,3.132
9.342,1.283,3.116
9.343,1.119,2.384
9.343,1.277,3.057
9.347,1.121,2.39
9.35,1.282,3.094
9.351,1.183,2.608
9.354,1.285,2.989
9.361,1.336,3.374
9.362,1.238,2.805
9.366,1.183,2.636
9.368,1.101,2.325
9.373,1.223,2.76
9.373,1.346,3.389
9.377,1.298,3.22
9.383,1.168,2.585
9.386,1.22,2.773
9.388,1.329,3.129
9.388,1.33,3.323
9.388,1.568,2.969
9.392,1.175,2.587
9.393,1.297,3.159
9.394,1.17,2.538
9.395,1.278,3.104
9.397,1.324,3.112
9.397,1.31,3.259
9.399,1.158,2.515
9.403,1.303,3.222
9.407,1.16,2.554
9.408,1.139,2.462
9.412,1.425,3.061
9.414,1.216,2.732
9.417,1.472,2.554
9.42,1.302,3.217
9.423,1.314,3.263
9.428,1.295,3.155
9.43,1.391,3.031
9.43,1.357,3.381
9.431,1.164,2.575
9.431,1.32,3.273
9.433,1.201,2.717
9.435,1.113,2.376
9.435,1.292,3.161
9.435,1.307,3.073
9.436,1.283,3.124
9.437,1.304,3.224
9.438,1.311,3.25
9.439,1.228,2.811
9.44,1.165,2.551
9.443,1.221,2.786
9.444,1.24,2.909
9.445,1.113,2.38
9.445,1.157,2.527
9.446,1.133,2.436
9.457,1.263,2.926
9.457,1.375,3.589
9.46,1.488,3.126
9.47,1.154,2.522
9.475,1.356,3.441
9.481,1.276,3.078
9.483,1.33,3.358
9.484,1.317,3.29
9.484,1.399,3.737
9.493,1.309,3.073
9.499,1.245,2.858
9.5,1.262,2.942
9.504,1.294,3.155
9.505,1.266,3.016
9.506,1.264,2.589
9.509,1.282,3.107
9.51,1.266,3.025
9.513,1.128,2.418
9.513,1.207,2.713
9.513,1.171,2.598
9.514,1.326,3.262
9.515,1.162,2.525
9.516,1.302,3.19
9.52,1.306,2.572
9.521,1.389,3.745
9.522,1.328,3.349
9.525,1.088,2.282
9.527,1.26,2.98
9.528,1.275,3.064
9.529,1.294,2.954
9.531,1.295,3.166
9.531,1.105,2.343
9.536,1.389,3.731
9.543,1.169,2.553
9.545,1.679,3.159
9.549,1.213,2.772
9.549,1.193,2.663
9.552,1.089,2.271
9.553,1.345,3.432
9.559,1.288,3.127
9.561,1.283,3.102
9.562,1.207,2.742
9.565,1.389,3.617
9.566,1.281,3.041
9.567,0.886,1.229
9.568,1.203,2.699
9.569,1.153,2.522
9.57,1.255,2.969
9.572,1.224,2.812
9.575,1.201,2.73
9.578,1.357,3.498
9.581,1.313,3.256
9.589,1.288,3.158
9.59,1.298,3.103
9.595,1.113,2.38
9.597,1.238,2.532
9.597,2.387,-8.684
9.598,1.202,2.716
9.602,1.391,3.031
9.606,1.286,3.124
9.608,1.589,2.833
9.608,1.292,3.155
9.608,1.209,2.737
9.61,1.238,2.532
9.613,1.391,3.031
9.614,1.157,2.547
9.618,1.231,2.845
9.631,1.488,3.126
9.634,1.209,2.713
9.639,1.211,2.74
9.642,1.488,3.126
9.645,1.181,2.612
9.648,1.256,2.88
9.648,1.19,2.677
9.65,1.227,2.828
9.655,1.321,3.314
9.658,1.397,3.831
9.658,1.121,2.412
9.659,1.327,3.309
9.659,1.17,2.588
9.665,1.27,3.022
9.666,1.131,2.437
9.667,1.305,3.246
9.667,1.227,2.838
9.67,1.291,3.13
9.674,1.217,2.763
9.674,1.254,2.945
9.675,1.203,2.711
9.675,1.195,2.687
9.677,1.26,2.966
9.677,1.238,2.867
9.68,1.189,2.632
9.68,1.178,2.62
9.683,1.307,3.255
9.683,1.161,2.543
9.684,1.236,2.83
9.685,1.211,2.758
9.69,1.252,2.946
9.693,1.14,2.477
9.695,1.392,3.676
9.696,1.127,2.416
9.697,1.202,2.697
9.699,1.307,3.233
9.7,1.115,2.377
9.704,1.561,4.138
9.704,1.432,2.707
9.708,1.177,2.625
9.709,1.685,2.727
9.709,1.304,3.215
9.709,1.24,2.803
9.709,1.162,2.541
9.71,1.357,3.375
9.713,1.335,3.375
9.715,1.251,2.761
9.717,1.182,2.629
9.72,1.234,2.879
9.722,1.292,3.16
9.722,1.375,3.584
9.722,1.243,2.922
9.723,1.334,3.375
9.723,1.235,2.842
9.723,1.216,2.743
9.723,1.159,2.49
9.727,1.183,2.662
9.73,1.076,2.244
9.735,1.129,2.431
9.737,1.298,3.177
9.737,1.257,2.825
9.742,1.214,2.77
9.742,1.205,2.747
9.745,1.294,3.215
9.748,1.246,2.871
9.749,1.313,3.266
9.759,1.172,2.588
9.761,1.286,3.118
9.762,1.153,2.521
9.764,1.158,2.447
9.768,1.169,2.559
9.768,1.353,3.497
9.769,1.257,2.835
9.77,1.245,2.883
9.77,1.249,2.534
9.771,1.257,2.934
9.771,1.24,2.878
9.771,1.189,2.662
9.775,1.241,2.834
9.777,1.138,2.357
9.777,1.304,3.17
9.787,1.145,2.462
9.787,1.148,2.485
9.789,1.201,2.724
9.789,1.314,2.768
9.79,1.145,2.506
9.79,1.304,3.234
9.793,1.222,2.79
9.794,1.287,3.105
9.797,1.648,2.943
9.798,1.208,2.692
9.8,1.175,2.625
9.8,1.352,3.521
9.8,1.147,2.511
9.801,1.258,2.923
9.803,1.251,2.937
9.803,1.366,2.702
9.804,1.673,2.946
9.805,1.177,2.626
9.806,1.187,2.637
9.807,1.184,2.667
9.812,1.337,2.636
9.813,1.309,3.189
9.813,1.191,2.683
9.815,1.323,3.314
9.819,1.204,2.581
9.824,1.199,2.692
9.825,1.351,2.742
9.825,1.222,2.715
9.825,1.184,2.64
9.83,1.131,2.43
9.832,1.205,2.727
9.832,1.161,2.559
9.832,1.204,2.581
9.838,1.41,3.904
9.84,1.167,2.572
9.841,1.72,2.961
9.841,1.16,2.561
9.843,1.44,2.966
9.845,1.238,2.874
9.845,1.204,2.722
9.847,1.103,2.333
9.847,1.163,2.572
9.847,1.229,2.76
9.849,1.17,2.6
9.853,1.238,2.891
9.853,3.062,0.931
9.855,1.162,2.564
9.855,1.354,2.71
9.855,1.321,3.296
9.857,1.194,2.683
9.858,1.458,4.35
9.859,1.232,2.865
9.86,1.288,3.123
9.861,1.184,2.653
9.864,1.204,2.732
9.864,1.234,2.854
9.867,1.278,3.128
9.872,1.323,3.347
9.873,1.267,2.822
9.873,1.164,2.567
9.874,1.191,2.665
9.874,1.171,2.61
9.875,1.673,2.946
9.876,1.128,2.425
9.879,1.363,2.639
9.881,1.207,2.728
9.883,1.174,2.59
9.884,1.318,3.311
9.891,1.237,2.912
9.893,1.273,3.031
9.895,1.338,3.399
9.896,1.317,3.274
9.897,1.218,2.772
9.898,1.331,3.359
9.899,1.35,3.46
9.9,1.162,2.556
9.9,1.189,2.66
9.901,1.137,2.45
9.905,1.347,3.484
9.906,1.329,3.339
9.907,1.254,2.953
9.91,1.242,2.889
9.91,1.219,2.781
9.911,1.31,3.253
9.913,1.313,3.265
9.914,1.195,2.694
9.915,1.229,2.853
9.919,1.127,2.41
9.919,1.305,3.219
9.919,1.219,2.79
9.924,1.162,2.561
9.924,1.687,3.533
9.924,1.252,2.591
9.925,1.189,2.679
9.926,1.15,2.511
9.929,1.675,2.764
9.93,1.288,2.756
9.934,1.232,2.864
9.94,1.247,2.898
9.941,1.227,2.776
9.944,1.205,2.724
9.946,1.23,2.833
9.949,1.19,2.664
9.95,1.237,2.888
9.952,1.142,2.485
9.953,1.804,2.676
9.953,1.607,2.658
9.956,1.222,2.773
9.957,1.201,2.699
9.958,1.207,2.711
9.959,1.162,2.54
9.959,1.2,2.708
9.96,1.319,3.203
9.96,1.202,2.726
9.968,1.181,2.635
9.969,1.164,2.565
9.97,1.193,2.699
9.971,1.174,2.587
9.972,1.298,3.191
9.972,1.224,2.791
9.973,1.18,2.62
9.974,1.237,2.885
9.975,1.295,2.985
9.976,1.202,2.706
9.976,1.227,2.808
9.976,1.144,2.484
9.978,1.283,3.126
9.98,1.686,2.968
9.982,1.257,2.755
9.984,1.22,2.77
9.987,1.181,2.576
9.989,1.178,2.611
9.99,1.218,2.777
9.99,1.401,3.619
9.99,1.244,2.903
9.992,1.312,3.255
9.992,1.174,2.616
9.994,1.251,2.938
9.995,1.346,3.426
9.996,1.137,2.512
9.997,1.236,2.842
10,1.366,3.591
10,1.308,3.21
10,1.183,2.645
10.001,1.193,2.69
10.001,1.342,3.222
10.002,1.687,3.533
10.006,1.233,2.795
10.007,1.159,2.553
10.008,1.257,2.798
10.009,1.335,3.334
10.01,1.167,2.567
10.01,1.206,2.728
10.01,1.232,2.871
10.011,1.251,2.902
10.012,1.256,2.858
10.012,1.147,2.511
10.014,1.287,3.106
10.014,1.565,2.776
10.014,1.176,2.615
10.015,1.227,2.67
10.015,1.211,2.783
10.015,1.172,2.569
10.019,1.21,2.749
10.02,1.182,2.619
10.021,1.204,2.722
10.023,1.197,2.681
10.024,1.331,3.075
10.024,1.195,2.681
10.025,1.37,2.848
10.025,1.252,2.945
10.026,1.228,2.811
10.029,1.203,2.708
10.029,1.299,2.761
10.03,1.18,2.626
10.031,1.208,2.75
10.033,1.256,2.972
10.035,1.243,2.849
10.036,1.388,3.708
10.037,1.483,2.311
10.039,1.19,2.689
10.039,1.214,2.765
10.041,1.218,2.715
10.041,1.211,2.716
10.043,1.241,2.825
10.043,1.187,2.668
10.046,1.245,2.877
10.046,1.218,2.831
10.046,1.366,3.424
10.046,1.298,3.18
10.046,1.207,2.754
10.047,1.128,2.434
10.048,1.33,2.781
10.048,1.227,2.837
10.048,1.15,2.516
10.048,1.402,3.798
10.049,1.171,2.6
10.05,1.221,2.788
10.052,1.184,2.634
10.052,1.215,2.771
10.052,1.234,2.873
10.053,1.17,2.62
10.056,1.19,2.692
10.056,1.235,2.81
10.056,1.207,2.74
10.056,1.568,2.846
10.056,1.183,2.658
10.058,1.686,2.968
10.06,1.21,2.69
10.06,1.243,2.896
10.06,1.171,2.595
10.061,1.166,2.58
10.064,1.205,2.738
10.064,1.248,2.896
10.065,1.189,2.644
10.065,1.184,2.647
10.066,1.17,2.583
10.068,1.195,2.718
10.07,1.3,3.097
10.071,1.188,2.655
10.071,1.217,2.711
10.071,1.248,2.897
10.072,1.197,2.736
10.073,1.417,2.627
10.073,1.375,3.619
10.074,1.313,3.23
10.076,1.295,3.164
10.077,1.206,2.736
10.077,1.158,2.553
10.08,1.315,2.602
10.086,1.189,2.664
10.086,1.263,2.983
10.087,1.211,2.747
10.087,1.191,2.678
10.088,1.212,2.737
10.088,1.198,2.661
10.088,1.228,2.846
10.089,1.176,2.616
10.09,1.195,2.685
10.09,1.18,2.639
10.095,1.181,2.624
10.096,1.169,2.575
10.097,1.163,2.575
10.097,1.191,2.684
10.1,1.302,3.211
10.101,1.164,2.598
10.102,1.341,3.366
10.102,0.531,0.883
10.103,1.27,3.042
10.104,1.213,2.792
10.105,1.285,3.106
10.108,1.202,2.723
10.11,1.22,2.767
10.11,1.27,2.619
10.112,1.219,2.789
10.113,1.192,2.663
10.114,1.238,2.849
10.117,1.28,3.094
10.118,1.217,2.775
10.121,1.204,2.721
10.121,1.691,2.967
10.122,1.276,3.057
10.123,1.174,2.617
10.124,1.241,2.884
10.124,1.303,3.176
10.126,1.197,2.684
10.126,1.249,2.788
10.127,1.216,2.733
10.127,1.214,2.767
10.128,1.198,2.718
10.13,1.212,2.784
10.13,1.159,2.546
10.131,1.185,2.542
10.131,1.231,2.796
10.132,1.247,2.912
10.134,1.177,2.582
10.134,1.159,2.555
10.136,1.212,2.77
10.137,1.274,3.063
10.14,1.131,2.434
10.14,1.352,3.525
10.14,1.197,2.689
10.141,1.209,2.746
10.141,1.393,3.654
10.143,1.786,2.786
10.143,1.242,2.808
10.145,1.181,2.662
10.146,1.186,2.647
10.146,1.175,2.605
10.147,2.106,2.65
10.147,1.181,2.6
10.147,1.184,2.646
10.147,1.255,2.781
10.149,1.223,2.825
10.151,1.341,3.385
10.152,1.175,2.596
10.152,1.192,2.609
10.153,1.195,2.599
10.154,1.202,2.7
10.154,1.172,2.602
10.156,1.388,3.676
10.157,1.899,2.736
10.157,1.377,3.471
10.157,1.217,2.787
10.16,1.213,2.769
10.162,1.191,2.66
10.166,1.331,3.41
10.168,1.741,3.524
10.169,1.168,2.581
10.169,1.169,2.583
10.171,1.135,2.437
10.171,1.218,2.764
10.173,1.238,2.877
10.174,1.296,3.158
10.175,1.152,2.535
10.177,1.337,3.434
10.177,1.218,2.736
10.181,1.199,2.71
10.181,1.216,2.767
10.182,1.192,2.666
10.183,1.271,2.855
10.184,1.181,2.631
10.186,1.228,2.757
10.188,1.227,2.834
10.188,1.214,2.779
10.189,1.185,2.653
10.19,1.23,2.811
10.191,1.205,2.753
10.192,1.187,2.677
10.193,1.224,2.796
10.193,1.217,2.622
10.194,1.36,3.513
10.194,1.224,2.826
10.194,1.195,2.731
10.199,1.203,2.739
10.199,1.281,3.075
10.199,1.236,2.838
10.2,1.233,2.856
10.202,1.23,2.88
10.203,1.251,2.959
10.205,1.198,2.681
10.207,1.23,2.842
10.208,1.212,2.757
10.208,1.173,2.596
10.208,1.221,2.829
10.208,1.265,3.001
10.209,1.198,2.662
10.209,1.241,2.857
10.21,1.746,2.908
10.211,1.241,2.807
10.211,1.214,2.776
10.212,1.189,2.598
10.212,1.191,2.692
10.215,1.32,3.308
10.216,1.331,3.312
10.217,1.22,2.794
10.22,1.323,3.268
10.22,1.203,2.69
10.221,1.259,2.986
10.221,1.326,2.773
10.221,0.492,0.772
10.222,1.26,3.001
10.223,1.341,3.408
10.223,1.196,2.698
10.224,1.227,2.817
10.224,1.219,2.792
10.226,1.276,2.941
10.226,1.236,2.888
10.226,1.191,2.67
10.227,1.207,2.748
10.228,1.197,2.724
10.229,1.171,2.604
10.229,1.282,2.7
10.231,1.242,2.839
10.234,1.199,2.641
10.235,1.446,2.642
10.235,1.19,2.701
10.236,1.256,2.801
10.238,1.929,2.696
10.238,1.223,2.822
10.239,1.162,2.574
10.24,1.217,2.788
10.24,1.329,3.327
10.243,1.246,2.767
10.243,1.194,2.698
10.244,1.454,2.699
10.244,1.323,3.326
10.244,1.205,2.699
10.244,1.16,2.554
10.245,1.159,2.528
10.247,1.349,3.492
10.248,1.228,2.815
10.248,1.229,2.81
10.25,1.279,2.13
10.253,1.168,2.596
10.253,1.217,2.772
10.254,1.246,2.894
10.254,1.198,2.707
10.255,1.166,2.587
10.256,1.305,3.181
10.258,1.401,2.678
10.26,1.206,2.727
10.261,1.168,2.587
10.262,1.193,2.656
10.264,1.196,2.594
10.264,1.181,2.629
10.265,1.185,2.673
10.265,1.179,2.63
10.265,1.219,2.758
10.266,1.202,2.693
10.268,1.219,2.811
10.269,1.229,2.845
10.269,1.462,4.258
10.269,1.176,2.596
10.269,1.215,2.783
10.27,1.349,3.437
10.271,1.465,3.143
10.272,1.236,2.857
10.273,1.215,2.742
10.273,1.189,2.7
10.274,1.216,2.774
10.274,1.279,3.084
10.275,1.192,2.674
10.276,1.192,2.69
10.277,1.184,2.645
10.277,1.145,2.475
10.277,0.635,1.111
10.28,1.376,2.85
10.282,1.182,2.635
10.283,1.201,2.706
10.283,1.257,2.949
10.283,1.209,2.722
10.283,1.245,2.799
10.284,1.227,2.741
10.285,1.19,2.666
10.286,1.208,2.782
10.287,1.279,3.045
10.289,1.234,2.769
10.289,1.244,2.9
10.29,1.228,2.826
10.29,1.214,2.688
10.292,1.208,2.753
10.292,1.182,2.609
10.292,1.186,2.67
10.293,1.192,2.673
10.294,1.259,2.976
10.295,1.198,2.683
10.296,1.205,2.734
10.296,1.255,2.974
10.296,1.253,2.954
10.299,1.224,2.828
10.3,1.171,2.602
10.301,1.172,2.62
10.302,1.306,3.197
10.305,1.19,2.665
10.305,1.233,2.86
10.306,1.224,2.818
10.306,1.165,2.571
10.307,1.954,2.846
10.309,1.181,2.632
10.31,1.333,3.346
10.311,1.218,2.673
10.312,1.202,2.707
10.312,1.235,2.815
10.312,1.204,2.736
10.314,1.181,2.637
10.315,1.957,2.845
10.316,1.237,2.878
10.317,1.259,2.96
10.317,1.18,2.642
10.319,1.532,2.854
10.319,1.189,2.692
10.32,1.176,2.623
10.322,1.184,2.655
10.322,1.238,2.851
10.322,1.172,2.6
10.323,1.435,2.951
10.324,1.215,2.758
10.325,1.197,2.718
10.327,1.234,2.831
10.327,1.213,2.767
10.327,1.974,2.857
10.327,1.186,2.571
10.327,1.203,2.746
10.328,1.188,2.651
10.329,1.208,2.621
10.329,1.28,2.953
10.329,1.18,2.643
10.331,1.219,2.789
10.334,1.199,2.695
10.334,1.142,2.497
10.335,1.278,3.085
10.335,1.224,2.827
10.337,1.297,2.85
10.338,1.199,2.72
10.338,1.244,2.808
10.339,1.198,2.616
10.339,1.228,2.831
10.341,1.277,3.007
10.341,1.248,2.869
10.342,1.248,2.898
10.343,1.186,2.666
10.344,1.5,2.81
10.344,1.243,2.775
10.344,1.202,2.696
10.345,1.408,3.837
10.345,1.234,2.88
10.348,1.21,2.734
10.348,1.305,3.225
10.349,1.902,2.735
10.351,1.278,3.084
10.351,1.204,2.722
10.352,1.336,3.36
10.354,1.159,2.55
10.355,1.176,2.619
10.357,1.304,3.23
10.357,1.175,2.629
10.357,1.211,2.769
10.357,1.199,2.719
10.358,1.254,2.961
10.359,1.204,2.672
10.36,1.5,2.81
10.362,1.143,2.445
10.363,1.263,3.005
10.364,1.201,2.742
10.365,1.579,2.781
10.365,1.199,2.733
10.365,1.258,2.801
10.365,1.253,2.847
10.368,1.228,2.858
10.369,1.174,2.607
10.369,1.224,2.834
10.369,1.411,3.685
10.37,1.26,2.95
10.372,1.221,2.778
10.372,1.842,2.619
10.374,1.2,2.729
10.375,1.207,2.772
10.376,1.314,3.238
10.376,1.237,2.862
10.377,1.204,2.668
10.377,1.227,2.83
10.377,1.418,3.02
10.378,1.269,2.962
10.378,1.2,2.745
10.378,1.23,2.845
10.378,1.235,2.887
10.379,1.217,2.745
10.379,1.21,2.773
10.379,1.2,2.679
10.382,1.217,2.79
10.385,1.198,2.751
10.386,1.231,2.85
10.386,1.211,2.771
10.386,1.207,2.779
10.387,1.248,2.93
10.387,1.235,2.828
10.389,1.956,2.701
10.389,1.174,2.604
10.392,1.187,2.659
10.392,1.167,2.562
10.394,1.18,2.605
10.394,1.248,2.942
10.396,1.214,2.784
10.397,1.192,2.7
10.397,1.178,2.637
10.398,1.369,3.565
10.399,1.165,2.576
10.399,1.822,2.629
10.399,1.164,2.57
10.399,1.217,2.779
10.399,1.259,2.989
10.401,1.193,2.671
10.401,1.188,2.693
10.401,1.255,2.987
10.402,1.352,3.464
10.402,1.2,2.738
10.403,1.255,2.97
10.403,1.184,2.661
10.404,1.216,2.786
10.404,1.185,2.66
10.405,1.163,2.591
10.406,1.216,2.791
10.408,1.816,2.938
10.408,1.156,2.563
10.409,1.25,2.898
10.409,1.379,3.642
10.409,1.179,2.611
10.41,1.172,2.593
10.41,1.251,2.835
10.411,1.219,2.805
10.411,1.174,2.619
10.411,1.209,2.64
10.412,1.182,2.599
10.412,1.351,3.13
10.412,1.286,3.103
10.416,1.193,2.682
10.416,1.647,2.748
10.416,1.252,2.948
10.417,1.176,2.594
10.419,1.542,2.652
10.42,1.234,2.865
10.421,1.221,2.806
10.421,1.395,3.318
10.422,1.149,2.485
10.422,1.228,2.832
10.424,1.216,2.815
10.424,1.174,2.62
10.424,1.246,2.937
10.425,1.2,2.654
10.425,1.155,2.545
10.425,1.177,2.618
10.426,1.233,2.859
10.426,1.905,2.684
10.427,1.199,2.701
10.427,1.267,3.023
10.427,1.189,2.662
10.427,1.399,3.734
10.429,1.224,2.825
10.429,1.223,2.81
10.43,1.548,4.385
10.43,1.186,2.647
10.432,1.363,2.828
10.433,1.417,2.639
10.434,1.288,3.056
10.435,1.211,2.735
10.435,1.881,2.594
10.435,1.229,2.788
10.437,1.176,2.635
10.437,1.204,2.707
10.438,1.145,2.398
10.438,1.24,2.86
10.439,1.194,2.725
10.44,1.217,2.775
10.44,1.336,3.395
10.44,1.219,2.803
10.44,1.221,2.778
10.442,1.299,3.123
10.442,1.18,2.647
10.442,1.206,2.746
10.443,1.221,2.8
10.444,1.268,3.043
10.444,1.225,2.771
10.444,1.242,2.67
10.446,1.4,2.75
10.447,1.246,2.87
10.448,1.684,2.761
10.448,1.297,2.977
10.449,1.208,2.723
10.449,1.192,2.703
10.45,1.349,2.962
10.45,1.331,3.394
10.451,1.215,2.771
10.451,1.352,3.049
10.451,1.234,2.816
10.452,1.209,2.734
10.453,1.231,2.876
10.453,1.203,2.708
10.453,1.165,2.588
10.454,1.191,2.696
10.455,1.228,2.782
10.455,1.28,2.722
10.456,1.204,2.733
10.456,1.2,2.735
10.457,1.193,2.693
10.458,1.241,2.873
10.459,1.23,2.833
10.461,1.55,3.951
10.461,1.217,2.758
10.461,1.143,2.478
10.463,1.438,2.564
10.463,1.195,2.715
10.464,1.223,2.795
10.464,1.184,2.65
10.464,1.162,2.598
10.464,1.17,2.587
10.464,1.194,2.7
10.465,1.187,2.674
10.466,1.196,2.683
10.466,1.223,2.795
10.467,1.671,2.736
10.467,1.193,2.689
10.468,1.18,2.614
10.47,1.244,2.855
10.47,1.532,2.854
10.471,1.274,2.994
10.471,1.231,2.85
10.472,1.333,3.382
10.475,1.589,2.883
10.475,1.193,2.684
10.477,1.304,3.173
10.477,1.227,2.864
10.477,1.354,3.469
10.478,1.218,2.715
10.478,1.532,2.854
10.479,1.214,2.773
10.48,1.214,2.789
10.482,1.183,2.632
10.482,1.273,3.059
10.484,1.205,2.734
10.485,1.176,2.621
10.486,1.216,2.842
10.487,1.251,2.911
10.487,1.201,2.709
10.487,1.258,2.954
10.487,1.207,2.726
10.487,1.203,2.747
10.488,1.185,2.664
10.489,1.213,2.73
10.489,1.171,2.615
10.49,1.184,2.66
10.49,1.844,2.852
10.49,1.19,2.684
10.491,1.214,2.748
10.494,1.229,2.838
10.494,1.274,3.032
10.495,1.202,2.732
10.495,1.237,2.862
10.496,1.211,2.766
10.496,1.179,2.668
10.496,1.214,2.863
10.496,1.215,2.804
10.496,1.231,2.852
10.496,1.208,2.757
10.497,1.251,2.955
10.497,1.205,2.715
10.497,1.247,2.842
10.498,1.223,2.798
10.499,1.256,2.928
10.499,1.261,2.864
10.499,1.168,2.587
10.499,1.264,2.783
10.499,1.264,2.922
10.5,1.187,2.591
10.5,1.726,2.962
10.501,1.182,2.643
10.503,1.17,2.611
10.505,1.381,3.736
10.506,1.227,2.816
10.508,1.467,4.398
10.51,1.178,2.601
10.511,1.269,3.045
10.511,1.343,3.371
10.511,1.236,2.834
10.511,1.204,2.742
10.512,1.233,2.854
10.512,1.591,2.614
10.513,1.218,2.778
10.513,1.257,2.922
10.514,1.233,2.829
10.515,1.179,2.624
10.515,1.922,2.897
10.516,1.229,2.836
10.516,1.223,2.788
10.516,1.24,2.884
10.517,1.186,2.676
10.518,1.192,2.675
10.518,1.182,2.624
10.519,1.19,2.693
10.519,1.232,2.849
10.521,1.191,2.683
10.522,1.217,2.787
10.523,1.336,3.255
10.525,1.26,2.841
10.525,1.297,2.859
10.525,1.171,2.598
10.526,1.209,2.66
10.526,1.236,2.89
10.526,1.167,2.558
10.527,1.219,2.784
10.527,1.314,3.238
10.528,1.276,3.079
10.528,1.203,2.761
10.529,1.23,2.813
10.53,1.413,3.743
10.53,0.786,1.333
10.53,1.44,4.089
10.531,1.294,3.026
10.532,1.178,2.639
10.532,1.138,2.46
10.532,1.188,2.668
10.532,1.176,2.593
10.533,1.198,2.678
10.533,1.368,3.59
10.536,1.171,2.741
10.537,1.187,2.649
10.537,1.412,3.799
10.537,1.217,2.787
10.537,1.26,2.919
10.538,1.204,2.731
10.539,1.238,2.895
10.539,1.83,2.55
10.539,1.191,2.668
10.539,1.201,2.709
10.542,1.161,2.64
10.543,1.227,2.82
10.543,1.216,2.795
10.544,1.264,2.89
10.546,1.615,2.537
10.546,1.209,2.762
10.546,1.234,2.815
10.546,1.223,2.855
10.547,1.708,2.932
10.547,1.175,2.608
10.547,1.234,2.862
10.547,1.318,3.276
10.547,1.24,2.915
10.549,1.18,2.655
10.55,1.206,2.744
10.551,1.326,3.305
10.553,1.205,2.72
10.553,1.802,2.61
10.553,1.179,2.632
10.553,1.269,3.07
10.554,1.215,2.771
10.554,1.218,2.807
10.555,1.224,2.829
10.557,1.198,2.692
10.558,1.235,2.815
10.558,1.225,2.845
10.558,1.262,3.028
10.559,1.741,3.027
10.56,1.238,2.886
10.561,1.202,2.746
10.562,1.188,2.668
10.563,1.172,2.623
10.563,1.237,2.887
10.564,1.17,2.616
10.565,1.236,2.876
10.565,1.264,2.993
10.566,1.207,2.758
10.567,1.182,2.646
10.569,1.215,2.78
10.569,1.233,2.866
10.57,1.207,2.751
10.571,1.197,2.691
10.571,1.22,2.822
10.572,1.189,2.679
10.572,1.226,2.739
10.572,1.208,2.791
10.573,1.344,3.416
10.574,1.951,2.908
10.574,1.18,2.639
10.574,1.346,2.792
10.575,1.238,2.872
10.575,1.164,2.578
10.576,1.239,2.883
10.576,1.294,3.069
10.578,1.253,2.876
10.578,1.206,2.748
10.581,1.174,2.608
10.581,1.306,2.826
10.581,1.231,2.844
10.582,1.205,2.762
10.582,1.226,2.843
10.582,1.202,2.741
10.584,1.21,2.72
10.584,1.227,2.809
10.584,1.245,2.928
10.584,1.194,2.704
10.585,1.18,2.627
10.586,1.233,2.858
10.586,1.24,2.901
10.586,1.257,2.96
10.587,1.216,2.809
10.589,1.716,2.767
10.59,1.266,3.006
10.592,1.263,2.955
10.593,1.225,2.81
10.594,1.217,2.771
10.595,1.229,2.89
10.596,1.239,2.878
10.596,1.225,2.81
10.596,1.381,3.632
10.597,1.271,3.043
10.597,1.217,2.798
10.599,1.222,2.818
10.599,1.188,2.669
10.6,1.223,2.842
10.601,1.586,2.792
10.601,1.276,3.078
10.601,1.192,2.669
10.603,1.231,2.854
10.603,1.19,2.691
10.604,1.264,2.648
10.604,1.17,2.541
10.607,1.186,2.678
10.608,1.246,2.923
10.608,1.225,2.822
10.608,1.229,2.849
10.609,1.218,2.785
10.609,1.231,2.872
10.609,1.215,2.789
10.61,1.26,2.881
10.612,1.241,2.9
10.612,1.231,2.861
10.612,1.285,3.118
10.613,1.17,2.579
10.614,1.272,3.048
10.614,1.208,2.761
10.615,1.198,2.742
10.616,1.344,3.436
10.616,1.326,3.32
10.617,1.223,2.812
10.618,1.201,2.71
10.618,1.218,2.797
10.619,1.205,2.775
10.619,1.229,2.708
10.621,1.294,3.162
10.623,1.254,2.926
10.623,1.213,2.745
10.624,1.216,2.746
10.624,1.22,2.774
10.626,1.206,2.745
10.626,1.206,2.73
10.629,1.401,3.795
10.63,1.165,2.603
10.631,1.212,2.756
10.632,1.242,2.888
10.632,1.251,2.924
10.633,1.246,2.912
10.633,1.209,2.766
10.633,1.191,2.706
10.635,1.518,2.756
10.635,1.179,2.612
10.635,1.227,2.818
10.635,1.88,2.731
10.636,1.24,2.878
10.636,1.185,2.638
10.637,1.664,2.616
10.637,1.193,2.692
10.638,1.33,2.972
10.638,1.23,2.85
10.639,1.259,3.008
10.639,1.175,2.568
10.639,1.226,2.793
10.64,1.241,2.921
10.64,1.206,2.77
10.64,1.215,2.811
10.641,1.551,2.755
10.642,1.19,2.677
10.642,1.235,2.9
10.643,1.71,2.516
10.643,1.178,2.588
10.643,1.171,2.581
10.643,1.328,3.14
10.643,1.241,2.95
10.644,1.335,2.841
10.644,1.223,2.818
10.644,1.848,2.719
10.645,1.18,2.779
10.645,1.206,2.722
10.646,1.224,2.813
10.647,1.203,2.776
10.648,1.21,2.758
10.649,1.215,2.791
10.649,1.17,2.629
10.649,1.238,2.892
10.649,1.215,2.807
10.649,1.631,3.087
10.65,1.201,2.755
10.651,1.205,2.736
10.651,1.193,2.716
10.651,1.221,2.795
10.651,1.234,2.894
10.652,1.186,2.649
10.652,1.203,2.763
10.653,1.192,2.715
10.653,1.318,3.257
10.656,1.209,2.765
10.656,1.977,2.892
10.656,1.209,2.484
10.657,1.204,2.747
10.657,1.182,2.638
10.657,1.249,2.944
10.658,1.286,2.859
10.66,1.24,2.879
10.661,1.193,2.706
10.662,1.249,2.94
10.662,1.219,2.796
10.662,1.282,2.912
10.662,1.2,2.705
10.663,1.223,2.796
10.663,1.346,3.447
10.663,1.205,2.75
10.663,1.21,2.774
10.664,1.21,2.795
10.664,1.362,3.54
10.665,1.197,2.709
10.665,1.201,2.718
10.666,1.195,2.706
10.666,1.199,2.749
10.666,1.277,3.076
10.666,1.21,2.773
10.667,1.194,2.672
10.667,1.232,2.834
10.671,1.172,2.589
10.671,1.236,2.861
10.671,1.209,2.741
10.671,1.295,3.128
10.672,1.236,2.885
10.673,1.184,2.67
10.675,1.238,2.895
10.676,1.202,2.715
10.676,1.189,2.735
10.676,1.317,3.26
10.678,1.202,2.733
10.679,1.186,2.67
10.679,1.262,2.967
10.679,1.154,2.52
10.68,1.201,2.764
10.681,1.179,2.621
10.681,1.246,2.945
10.682,1.744,2.771
10.682,1.267,3.011
10.682,1.151,2.554
10.682,1.239,2.9
10.683,1.264,2.956
10.685,1.252,2.922
10.685,1.219,2.79
10.686,1.233,2.807
10.686,1.32,2.823
10.687,1.205,2.743
10.687,1.199,2.7
10.687,1.243,2.889
10.688,1.381,3.001
10.689,1.238,2.882
10.691,1.574,4.906
10.691,1.183,2.677
10.693,1.214,2.787
10.694,1.277,2.987
10.695,1.188,2.665
10.696,1.147,2.52
10.697,1.218,2.813
10.697,1.255,2.971
10.697,1.202,2.724
10.699,1.217,2.802
10.7,1.185,2.687
10.701,1.178,2.627
10.702,1.268,2.245
10.702,1.216,2.776
10.704,1.259,2.884
10.705,1.26,2.922
10.705,1.244,2.878
10.706,1.378,2.775
10.706,1.221,2.777
10.707,1.222,2.812
10.708,1.219,2.765
10.708,1.238,2.887
10.708,1.173,2.612
10.708,1.191,2.687
10.709,1.218,2.808
10.709,1.219,2.802
10.709,1.199,2.731
10.709,1.216,2.677
10.71,1.741,3.027
10.71,1.215,2.773
10.711,2.364,2.664
10.712,1.2,2.745
10.712,1.363,3
10.712,1.244,2.923
10.714,1.253,2.97
10.714,1.382,3.705
10.714,1.187,2.669
10.715,1.39,3.662
10.715,1.248,2.962
10.715,1.236,2.891
10.715,1.274,3.087
10.716,1.605,2.883
10.716,1.215,2.764
10.717,1.256,2.937
10.717,1.226,2.829
10.718,1.886,2.765
10.718,1.167,2.601
10.718,1.741,3.027
10.718,1.218,2.796
10.72,1.658,2.839
10.72,1.205,2.725
10.72,1.281,3.067
10.721,1.203,2.72
10.721,1.732,2.669
10.721,1.189,2.666
10.721,1.24,2.878
10.722,1.208,2.667
10.723,1.658,2.864
10.723,1.198,2.709
10.723,1.257,2.951
10.724,1.264,3.007
10.725,1.2,2.725
10.726,1.207,2.754
10.726,1.203,2.741
10.726,1.233,2.88
10.727,1.481,2.693
10.727,1.189,2.661
10.728,1.198,2.725
10.728,1.238,2.865
10.729,1.667,2.697
10.73,1.543,2.732
10.73,1.224,2.809
10.73,1.242,2.889
10.731,1.211,2.666
10.733,1.167,2.604
10.733,1.248,2.857
10.734,1.199,2.73
10.734,1.19,2.699
10.737,1.734,2.793
10.737,1.211,2.709
10.737,1.253,2.993
10.737,1.41,3.169
10.738,1.326,2.793
10.739,1.241,2.904
10.74,1.345,3.336
10.741,1.284,3.098
10.741,1.23,2.834
10.741,1.54,2.935
10.741,0.656,1.157
10.742,1.182,2.68
10.743,1.243,2.915
10.743,1.203,2.735
10.743,1.215,2.748
10.743,1.225,2.836
10.744,1.179,2.648
10.744,1.379,3.521
10.744,1.621,2.951
10.745,1.223,2.674
10.745,1.213,2.709
10.745,1.233,2.85
10.746,1.203,2.717
10.746,1.246,2.91
10.747,1.354,3.494
10.748,1.178,2.623
10.748,1.216,2.8
10.748,1.187,2.695
10.75,1.227,2.825
10.75,1.218,2.792
10.751,1.255,2.954
10.751,1.234,2.893
10.752,1.215,2.832
10.752,1.216,2.791
10.752,1.199,2.723
10.752,1.201,2.71
10.752,1.225,2.83
10.754,1.213,2.794
10.755,1.334,3.024
10.755,1.194,2.675
10.755,1.225,2.842
10.755,1.238,2.893
10.756,1.204,2.835
10.756,1.267,3.047
10.757,1.16,2.544
10.76,1.222,2.852
10.761,1.225,2.775
10.762,1.216,2.809
10.762,1.334,3.024
10.762,1.252,2.82
10.764,1.252,2.787
10.764,1.2,2.696
10.765,1.173,2.661
10.765,1.187,2.684
10.766,1.207,2.741
10.767,1.204,2.696
10.768,1.241,2.912
10.769,1.21,2.794
10.772,1.181,2.624
10.772,1.206,2.758
10.772,1.195,2.745
10.773,1.214,2.798
10.773,1.207,2.766
10.773,1.221,2.847
10.773,1.31,2.979
10.774,1.191,2.697
10.774,1.208,2.771
10.775,1.22,2.793
10.775,1.187,2.646
10.776,1.272,3.058
10.776,1.24,2.779
10.777,1.265,3.036
10.778,1.217,2.781
10.778,1.209,2.763
10.778,1.289,3.024
10.778,1.203,2.742
10.779,1.228,2.81
10.779,1.304,3.069
10.779,1.185,2.651
10.78,1.188,2.673
10.78,1.239,2.897
10.78,1.217,2.806
10.781,1.223,2.805
10.781,1.239,2.873
10.782,1.238,2.914
10.782,1.171,2.595
10.783,1.166,2.561
10.783,1.206,2.752
10.783,1.178,2.617
10.785,1.228,2.843
10.786,1.204,2.769
10.786,1.308,3.202
10.787,1.219,2.824
10.787,1.431,4.048
10.787,1.212,2.788
10.788,1.226,2.807
10.789,1.9,2.388
10.79,1.208,2.785
10.79,1.216,2.783
10.791,1.211,2.754
10.792,1.248,2.905
10.792,1.243,2.888
10.796,1.22,2.765
10.796,1.222,2.827
10.797,1.209,2.751
10.798,1.229,2.84
10.799,1.232,2.85
10.8,1.209,2.826
10.801,1.225,2.83
10.801,1.206,2.719
10.802,1.204,2.763
10.802,1.231,2.85
10.803,1.175,2.62
10.803,1.205,2.684
10.804,1.283,2.96
10.804,1.222,2.813
10.804,1.212,2.795
10.806,1.272,2.997
10.806,1.263,2.953
10.806,1.203,2.737
10.807,1.257,3.005
10.809,1.289,2.85
10.81,1.218,2.817
10.811,1.244,2.932
10.811,1.665,2.9
10.812,1.166,2.569
10.812,1.211,2.765
10.813,1.231,3.134
10.813,1.209,2.746
10.814,1.477,3.811
10.815,1.181,2.645
10.815,1.211,2.742
10.815,1.2,2.742
10.815,1.28,2.961
10.816,1.236,2.893
10.817,1.375,2.621
10.818,1.254,2.983
10.818,1.216,2.791
10.819,1.224,2.831
10.819,1.213,2.77
10.819,1.411,3.099
10.82,1.164,2.62
10.82,1.294,3.147
10.821,1.205,2.726
10.821,1.228,2.854
10.822,1.22,2.788
10.822,1.219,2.796
10.822,1.881,2.8
10.822,1.174,2.636
10.823,1.217,2.781
10.823,1.242,2.891
10.823,1.18,2.643
10.824,1.182,2.683
10.824,1.17,2.592
10.825,1.273,3.042
10.825,1.194,2.668
10.826,1.218,2.829
10.827,1.404,3.648
10.827,1.228,2.877
10.828,1.218,2.776
10.828,1.234,2.854
10.831,1.19,2.698
10.832,1.289,2.934
10.833,1.244,2.892
10.834,1.488,2.772
10.834,1.237,2.848
10.835,1.228,2.842
10.835,1.238,2.89
10.837,1.244,2.924
10.837,1.279,3.073
10.838,1.308,3.032
10.839,1.232,2.909
10.839,1.289,2.934
10.839,1.242,2.918
10.842,1.213,2.694
10.842,1.179,2.637
10.843,1.288,3.141
10.844,1.231,2.848
10.846,1.201,2.678
10.848,1.22,2.809
10.848,1.191,2.674
10.849,1.196,2.661
10.849,1.806,2.86
10.849,1.288,3.138
10.85,1.207,2.739
10.851,1.267,3.039
10.852,1.212,2.759
10.854,1.218,2.779
10.854,1.24,2.88
10.854,1.21,2.755
10.854,1.208,2.756
10.854,1.194,2.685
10.855,1.24,2.888
10.856,1.237,2.863
10.856,1.215,2.788
10.857,1.241,2.872
10.857,1.175,2.607
10.858,1.279,3.06
10.859,1.789,2.676
10.859,1.212,2.765
10.859,1.219,2.802
10.86,1.205,2.736
10.86,1.154,2.512
10.86,1.242,2.896
10.861,1.247,2.917
10.861,1.237,2.875
10.862,1.222,2.8
10.862,1.229,2.866
10.862,1.228,2.831
10.863,1.193,2.698
10.866,1.187,2.655
10.866,1.212,2.792
10.867,1.218,2.832
10.868,1.214,2.768
10.868,1.231,2.784
10.869,1.187,2.657
10.869,1.215,2.813
10.869,1.253,2.952
10.869,1.233,2.858
10.869,1.257,2.993
10.87,1.188,2.657
10.87,1.194,2.722
10.87,1.202,2.747
10.871,1.386,2.925
10.872,1.22,2.833
10.873,1.3,3.216
10.875,1.259,3.009
10.875,1.206,2.754
10.876,1.253,2.956
10.876,1.216,2.755
10.877,1.211,2.781
10.877,1.257,2.756
10.877,1.168,2.593
10.878,1.228,2.838
10.878,1.207,2.71
10.879,1.2,2.735
10.88,1.226,2.845
10.88,1.244,2.917
10.88,1.198,2.713
10.881,1.197,2.718
10.881,1.228,2.844
10.881,1.202,2.704
10.881,1.254,2.985
10.883,1.222,2.807
10.883,1.206,2.76
10.883,1.25,2.947
10.883,1.182,2.681
10.884,1.253,2.876
10.884,1.197,2.691
10.884,1.252,2.953
10.884,1.265,3.005
10.885,1.564,2.887
10.886,1.203,2.724
10.887,1.227,2.851
10.887,1.211,2.771
10.889,1.216,2.788
10.89,1.222,2.815
10.89,1.211,2.706
10.89,1.222,2.825
10.89,1.189,2.698
10.89,1.295,3.195
10.89,1.219,2.758
10.891,1.213,2.791
10.892,1.276,3.015
10.894,0.646,1.101
10.894,1.217,2.872
10.894,1.271,3.004
10.895,1.225,2.834
10.895,1.222,2.821
10.895,1.286,3.123
10.896,1.22,2.793
10.898,1.182,2.644
10.898,1.226,2.836
10.899,1.215,2.779
10.899,1.217,2.816
10.9,1.232,2.87
10.9,1.245,2.916
10.9,1.202,2.745
10.9,1.195,2.694
10.901,1.195,2.711
10.901,1.439,2.702
10.902,1.185,2.654
10.902,1.697,2.781
10.903,1.224,2.814
10.903,1.18,2.671
10.904,1.221,2.765
10.904,1.279,3.097
10.904,1.3,3.13
10.904,1.211,2.751
10.905,1.238,2.925
10.906,1.22,2.779
10.907,1.229,2.858
10.907,1.24,2.874
10.907,1.364,2.879
10.908,1.211,2.769
10.909,1.237,2.89
10.909,1.301,3.008
10.91,1.193,2.706
10.91,1.253,2.986
10.91,1.19,2.684
10.91,1.225,2.823
10.912,1.232,2.874
10.913,1.85,2.792
10.913,1.271,3.041
10.913,1.215,2.77
10.914,1.369,3.579
10.915,1.244,2.922
10.915,1.25,2.92
10.915,1.229,2.863
10.916,1.202,2.713
10.917,1.182,2.681
10.917,1.168,2.605
10.918,1.233,2.861
10.918,1.209,2.764
10.919,1.22,2.811
10.919,1.212,2.787
10.919,1.197,2.726
10.92,1.777,2.866
10.92,1.23,2.847
10.921,1.261,2.997
10.921,1.242,2.926
10.921,1.247,2.93
10.921,1.224,2.858
10.922,1.202,2.66
10.924,1.467,4.004
10.924,1.209,2.759
10.925,1.187,2.645
10.927,1.222,2.844
10.927,1.233,2.882
10.928,1.202,2.731
10.929,1.22,2.803
10.929,1.273,3.047
10.93,1.203,2.727
10.93,1.239,2.894
10.931,1.218,2.887
10.932,1.278,3.016
10.932,1.221,2.839
10.933,1.219,2.814
10.934,1.173,2.571
10.935,1.247,2.956
10.935,1.22,2.857
10.936,1.236,2.87
10.936,1.22,2.822
10.938,1.181,2.637
10.938,1.227,2.794
10.939,1.131,2.446
10.94,1.418,2.841
10.94,1.215,2.774
10.941,1.173,2.611
10.942,1.244,2.947
10.943,1.222,2.782
10.943,1.226,2.821
10.944,1.257,2.93
10.944,1.274,2.933
10.945,1.222,2.802
10.946,1.331,3.363
10.948,1.204,2.702
10.948,1.187,2.664
10.948,1.226,2.876
10.948,2.035,3.221
10.948,1.185,2.69
10.949,1.236,2.899
10.95,1.218,2.791
10.951,1.224,2.817
10.951,1.884,3.015
10.951,1.163,2.572
10.952,1.224,2.84
10.952,1.199,2.745
10.952,1.194,2.704
10.953,1.219,2.827
10.953,1.189,2.665
10.954,1.382,3.616
10.955,1.15,2.517
10.955,1.302,3.211
10.956,1.232,2.876
10.957,1.781,2.982
10.957,1.237,2.879
10.958,1.229,2.856
10.958,1.207,2.739
10.959,1.197,2.771
10.959,1.266,3.02
10.96,1.246,2.873
10.961,1.254,2.981
10.961,1.187,2.684
10.962,1.663,2.886
10.962,1.186,2.675
10.962,1.219,2.812
10.963,1.163,2.596
10.964,1.203,2.705
10.964,1.261,3.007
10.964,1.227,2.907
10.965,1.172,2.603
10.966,1.374,3.627
10.966,1.242,2.877
10.966,1.248,2.944
10.967,1.22,2.8
10.967,1.446,3.97
10.967,1.237,2.903
10.967,1.286,3.073
10.967,1.216,2.801
10.968,1.285,3.133
10.969,1.526,2.87
10.969,1.194,2.692
10.969,1.222,2.836
10.97,1.226,2.825
10.97,1.264,3.001
10.97,1.206,2.725
10.972,1.332,2.951
10.972,1.178,2.656
10.973,1.224,2.795
10.973,1.395,3.037
10.973,1.207,2.679
10.974,1.227,2.836
10.974,1.172,2.589
10.975,1.89,2.957
10.975,1.223,2.831
10.975,1.248,2.922
10.975,1.244,2.928
10.975,1.223,2.82
10.976,1.186,2.665
10.976,1.193,2.711
10.977,1.184,2.778
10.978,1.221,2.791
10.979,1.237,2.862
10.979,1.169,2.579
10.98,1.206,2.734
10.98,1.263,2.982
10.981,1.255,2.983
10.982,1.284,3.13
10.982,1.244,2.925
10.984,1.251,2.896
10.984,1.235,2.892
10.985,1.324,3.051
10.985,1.208,2.79
10.986,1.175,2.627
10.986,1.209,2.76
10.988,1.247,2.945
10.989,2.12,2.784
10.991,1.241,2.869
10.992,1.242,2.686
10.992,1.266,3.001
10.992,1.218,2.847
10.992,1.265,3.029
10.993,1.199,2.714
10.993,1.246,2.944
10.993,1.249,2.949
10.993,1.226,2.849
10.995,1.298,3.187
10.995,1.285,3.096
10.995,1.275,3.108
10.996,1.166,2.598
10.996,1.235,2.897
10.997,1.243,2.905
10.998,1.228,2.881
10.998,1.249,3.002
11,1.219,2.798
11.001,1.23,2.853
11.002,1.226,2.829
11.002,1.559,2.887
11.003,1.2,2.769
11.004,1.855,2.58
11.006,1.234,2.889
11.006,1.201,2.75
11.007,1.217,2.798
11.007,1.235,2.854
11.008,1.218,2.566
11.008,1.196,2.694
11.008,1.218,2.799
11.008,1.227,2.84
11.009,1.698,2.658
11.009,1.311,3.226
11.009,1.342,3.239
11.01,1.21,2.751
11.011,1.294,2.811
11.011,1.193,2.717
11.012,1.234,2.922
11.013,1.564,2.872
11.014,1.22,2.809
11.015,1.234,2.855
11.015,1.204,2.75
11.015,1.296,3.121
11.017,1.293,3.106
11.017,1.259,2.925
11.017,1.246,2.928
11.018,1.202,2.723
11.018,1.244,2.889
11.019,1.312,3.08
11.02,1.234,2.873
11.02,1.249,2.929
11.021,1.21,2.81
11.022,1.272,3.086
11.022,1.238,2.898
11.022,1.241,2.927
11.023,1.228,2.845
11.023,1.826,2.686
11.023,1.191,2.691
11.023,1.253,2.919
11.023,1.199,2.722
11.024,1.227,2.831
11.025,1.198,2.72
11.025,1.179,2.698
11.025,1.232,2.878
11.025,1.26,2.87
11.025,1.234,2.852
11.025,1.212,2.781
11.028,1.249,2.919
11.028,1.573,3.138
11.029,1.187,2.67
11.029,1.296,2.996
11.029,1.222,2.799
11.029,1.254,2.937
11.03,1.222,2.787
11.031,1.218,2.798
11.031,1.226,2.82
11.031,1.235,2.916
11.032,1.236,2.878
11.032,1.265,3
11.032,1.241,2.875
11.032,1.229,2.862
11.034,1.329,3.225
11.034,1.252,2.967
11.036,1.205,2.738
11.036,1.229,2.834
11.036,1.222,2.808
11.038,1.196,2.723
11.039,1.181,2.599
11.039,1.232,2.858
11.041,1.206,2.772
11.044,1.232,2.857
11.044,1.202,2.757
11.045,1.239,2.912
11.045,1.356,2.977
11.046,1.224,2.825
11.047,1.25,2.964
11.048,1.561,2.85
11.048,1.234,2.872
11.049,1.198,2.723
11.049,1.218,2.766
11.049,1.524,4.571
11.05,1.199,2.751
11.05,1.248,2.92
11.051,1.229,2.822
11.051,1.233,2.871
11.052,1.245,2.943
11.052,1.208,2.797
11.052,1.176,2.644
11.053,1.231,2.87
11.053,1.243,2.889
11.053,1.218,2.798
11.055,1.213,2.809
11.055,1.228,2.842
11.055,1.269,2.627
11.057,1.261,2.969
11.059,1.223,2.793
11.059,1.245,2.922
11.059,1.203,2.763
11.059,1.259,2.971
11.06,1.247,2.929
11.062,1.251,2.926
11.062,1.225,2.772
11.062,1.222,2.832
11.063,1.243,2.892
11.064,1.819,2.857
11.064,1.208,2.77
11.064,1.216,2.767
11.064,1.208,2.77
11.064,1.24,2.89
11.065,1.24,2.888
11.065,1.596,2.777
11.065,1.354,3.097
11.065,1.203,2.759
11.065,1.268,3.07
11.065,1.204,2.742
11.067,1.287,2.956
11.067,1.194,2.685
11.069,1.237,2.724
11.069,1.338,3.248
11.07,1.265,2.846
11.07,1.216,2.799
11.07,1.237,2.897
11.071,1.188,2.706
11.071,1.227,2.859
11.071,1.222,2.81
11.072,1.36,2.921
11.072,1.3,3.178
11.072,1.248,2.963
11.072,1.264,3.029
11.073,1.564,2.872
11.073,1.367,3.365
11.075,1.241,2.869
11.076,1.234,2.877
11.076,1.192,2.684
11.076,1.311,3.265
11.077,1.215,2.79
11.078,1.312,3.164
11.079,1.238,2.915
11.079,1.454,2.932
11.08,1.272,3.028
11.081,1.259,2.994
11.082,1.243,2.875
11.082,1.264,2.844
11.082,1.18,2.628
11.083,1.23,2.735
11.083,1.346,2.941
11.084,1.227,2.844
11.084,1.232,2.856
11.085,1.227,2.826
11.085,1.273,3.058
11.085,1.204,2.767
11.086,1.198,2.722
11.087,1.181,2.654
11.088,1.208,2.744
11.089,1.253,2.961
11.091,1.236,2.882
11.091,1.191,2.7
11.092,1.65,2.526
11.092,1.324,3.096
11.093,1.173,2.611
11.094,1.364,3.14
11.095,1.279,2.995
11.097,1.248,2.922
11.098,1.224,2.845
11.098,1.314,3.258
11.098,1.206,2.731
11.099,1.226,2.859
11.099,1.305,3.222
11.101,1.248,2.91
11.101,1.256,2.984
11.102,1.261,3
11.104,1.724,2.697
11.104,1.269,3.027
11.106,1.187,2.65
11.106,1.227,2.882
11.106,1.178,2.688
11.107,1.775,2.897
11.107,1.288,3.108
11.108,1.222,2.829
11.108,1.252,2.981
11.108,1.267,3.039
11.108,1.186,2.691
11.108,1.189,2.694
11.108,1.254,2.975
11.109,1.215,2.796
11.109,1.209,2.772
11.109,1.288,3.108
11.11,1.319,2.586
11.11,1.276,3.064
11.11,1.278,3.071
11.111,1.525,2.947
11.112,1.209,2.761
11.112,1.23,2.866
11.112,1.217,2.792
11.112,1.213,2.795
11.113,1.276,3.064
11.113,1.32,3.286
11.113,1.226,2.852
11.113,1.203,2.807
11.113,1.213,2.797
11.114,1.31,3.313
11.114,1.259,2.987
11.116,1.246,2.954
11.116,1.275,3.052
11.116,1.249,2.929
11.116,1.249,2.959
11.117,1.15,2.543
11.117,1.195,2.718
11.117,1.255,3.036
11.12,1.194,2.711
11.121,1.235,2.871
11.121,1.184,2.644
11.121,1.154,2.561
11.123,1.236,2.861
11.123,1.216,2.792
11.123,1.251,2.9
11.123,1.374,3.597
11.124,1.233,2.879
11.124,1.223,2.809
11.126,1.3,3.203
11.126,1.236,2.889
11.127,1.172,2.598
11.127,1.27,3.032
11.127,1.255,2.989
11.127,1.215,2.769
11.127,1.256,2.86
11.128,1.259,2.995
11.128,1.223,2.814
11.128,1.498,4.352
11.128,1.233,2.86
11.13,1.24,2.923
11.13,1.176,2.643
11.13,1.2,2.743
11.131,1.237,2.855
11.132,1.254,2.921
11.134,1.175,2.659
11.135,2.081,2.75
11.135,1.206,2.795
11.136,1.202,2.731
11.137,1.264,3.014
11.137,1.204,2.742
11.137,1.376,3.697
11.138,1.196,2.728
11.139,1.254,2.968
11.14,1.245,2.934
11.14,1.247,2.919
11.141,1.251,2.952
11.142,1.211,2.777
11.142,1.208,2.651
11.142,1.258,3.006
11.142,1.225,2.841
11.143,1.283,2.986
11.143,1.212,2.779
11.143,1.255,2.993
11.144,1.226,2.804
11.144,1.807,2.84
11.145,1.18,2.645
11.146,1.237,2.873
11.146,1.21,2.704
11.146,1.27,2.985
11.146,1.205,2.753
11.146,1.23,2.854
11.147,1.21,2.756
11.147,1.211,2.736
11.148,1.349,3.04
11.148,1.237,2.88
11.149,1.25,3.01
11.149,1.238,2.9
11.15,1.278,3.089
11.151,1.476,2.871
11.151,1.208,2.724
11.151,1.331,2.917
11.152,1.227,2.835
11.152,1.209,2.746
11.154,1.223,2.842
11.154,1.232,2.864
11.154,1.287,3.055
11.155,1.568,3.048
11.155,1.268,3.089
11.155,1.277,3.065
11.155,1.335,3.206
11.155,1.264,3.038
11.156,1.199,2.714
11.156,1.232,2.909
11.157,1.212,2.537
11.157,1.189,2.639
11.157,1.259,2.951
11.158,1.232,2.864
11.158,1.248,2.956
11.159,1.255,2.989
11.159,1.245,2.918
11.16,1.272,2.826
11.16,1.202,2.722
11.16,1.415,3.869
11.161,1.176,2.595
11.161,1.217,2.786
11.162,1.281,2.814
11.162,1.212,2.792
11.162,1.525,2.895
11.163,1.195,2.687
11.163,1.235,2.778
11.163,1.223,2.824
11.164,1.237,2.78
11.164,1.23,2.857
11.165,1.243,2.887
11.165,1.213,2.809
11.165,1.266,3.042
11.166,1.263,3.024
11.166,1.229,2.909
11.167,1.212,2.849
11.167,1.745,2.828
11.167,1.209,2.75
11.167,1.21,2.726
11.167,1.279,2.906
11.168,1.773,2.72
11.168,1.329,3.17
11.168,1.254,2.981
11.171,1.725,2.858
11.171,1.238,2.936
11.172,1.244,2.912
11.173,1.231,2.849
11.174,1.169,2.608
11.175,1.238,2.892
11.175,1.209,2.78
11.176,1.255,2.961
11.177,1.232,2.869
11.177,1.217,2.774
11.177,1.251,2.94
11.179,1.233,2.881
11.18,1.239,2.899
11.182,1.917,2.729
11.182,1.218,2.79
11.182,1.211,2.757
11.184,1.24,2.875
11.184,1.313,2.854
11.184,1.249,2.89
11.184,1.208,2.747
11.184,1.324,3.073
11.184,1.238,2.896
11.185,1.254,2.953
11.186,1.228,2.788
11.186,1.256,2.992
11.186,1.229,2.887
11.186,1.28,2.955
11.186,1.329,3.079
11.187,1.281,2.774
11.188,1.246,2.923
11.188,1.227,2.838
11.188,1.273,3.097
11.189,1.227,2.895
11.189,1.236,2.887
11.19,1.233,2.846
11.192,1.678,2.956
11.192,1.248,2.939
11.192,1.228,2.885
11.193,1.284,3.014
11.193,1.318,3.294
11.194,1.261,3.01
11.195,1.248,3.011
11.196,1.226,2.818
11.196,1.251,2.954
11.197,1.235,2.895
11.197,1.224,2.843
11.197,1.216,2.796
11.198,1.222,2.842
11.198,1.29,3.092
11.198,1.181,2.666
11.2,1.811,2.882
11.2,1.268,2.886
11.2,1.274,2.928
11.201,1.333,2.88
11.202,1.267,2.985
11.202,1.21,2.765
11.202,1.232,2.869
11.203,1.256,2.723
11.203,1.295,3.082
11.203,1.214,2.785
11.204,1.224,2.83
11.204,1.251,2.933
11.205,1.216,2.787
11.205,1.24,2.913
11.206,1.227,2.836
11.206,1.301,3.083
11.206,1.301,3.209
11.208,1.237,2.931
11.208,1.282,3.076
11.208,1.263,3.011
11.209,1.225,2.824
11.21,1.285,3.11
11.211,1.832,2.876
11.211,1.227,2.831
11.211,1.26,3.007
11.212,1.312,3.331
11.214,1.277,2.76
11.214,1.235,2.882
11.215,1.522,2.849
11.215,1.193,2.713
11.215,1.274,3.082
11.216,1.227,2.837
11.217,1.247,2.937
11.217,1.234,2.888
11.217,1.251,2.959
11.217,1.223,2.825
11.217,1.203,2.72
11.217,1.256,2.989
11.219,1.25,2.919
11.219,1.913,3.019
11.219,1.203,2.72
11.219,1.303,3.22
11.219,1.229,2.78
11.219,1.246,2.925
11.22,1.196,2.716
11.22,1.882,2.838
11.221,1.226,2.784
11.222,1.263,3.021
11.223,1.443,3.892
11.223,1.258,2.923
11.224,1.219,2.809
11.224,1.234,2.875
11.224,1.272,3.051
11.224,1.272,3.118
11.224,1.234,2.88
11.225,1.239,2.877
11.226,1.678,2.907
11.226,1.266,3.012
11.226,1.241,2.889
11.227,1.244,2.935
11.228,1.267,2.875
11.228,1.264,3.008
11.228,1.227,2.796
11.228,1.754,2.933
11.229,1.205,2.74
11.229,1.35,3.491
11.23,1.197,2.7
11.231,1.279,3.073
11.231,1.251,2.957
11.231,1.212,2.826
11.231,1.275,3.072
11.231,1.222,2.724
11.232,1.251,2.958
11.232,1.237,2.794
11.233,1.272,3.056
11.234,1.208,2.78
11.234,1.211,2.778
11.234,1.265,2.991
11.235,1.348,3.49
11.235,1.56,2.74
11.235,0.765,1.275
11.235,1.226,2.815
11.237,1.273,3.07
11.239,1.886,2.788
11.241,1.218,2.812
11.241,1.195,2.696
11.241,1.22,2.801
11.241,1.197,2.717
11.241,1.286,3.095
11.242,1.221,2.839
11.242,1.231,2.861
11.242,1.215,2.799
11.244,1.333,3.052
11.245,1.531,2.7
11.245,1.23,2.849
11.247,1.588,3.151
11.247,1.237,2.894
11.248,1.267,3.023
11.248,1.232,2.878
11.249,1.226,2.866
11.249,1.214,2.777
11.249,1.281,3.091
11.25,1.197,2.712
11.25,1.244,2.901
11.251,1.28,3.108
11.252,1.888,2.91
11.252,1.216,2.638
11.252,1.238,2.894
11.252,1.25,2.924
11.254,1.265,3.03
11.255,1.228,2.88
11.255,1.262,3.11
11.255,1.244,2.984
11.256,1.258,3.005
11.256,1.231,2.826
11.257,1.316,2.894
11.257,1.338,2.706
11.257,1.227,2.796
11.257,1.236,2.896
11.258,1.258,3.011
11.258,1.268,2.963
11.26,1.236,2.857
11.261,1.248,2.943
11.261,1.259,3.036
11.261,1.252,2.951
11.262,1.568,2.828
11.263,1.269,3.008
11.263,1.49,4.463
11.265,1.224,2.913
11.266,1.269,3.038
11.267,1.281,2.944
11.267,1.269,3.05
11.268,1.24,2.879
11.269,1.398,3.563
11.269,1.291,3.145
11.269,1.266,3.065
11.27,1.195,2.709
11.271,2.46,2.762
11.271,1.25,2.975
11.271,1.279,3.049
11.272,1.243,2.89
11.272,1.261,3.017
11.272,1.264,3.019
11.274,1.285,2.889
11.275,1.266,3.008
11.275,1.274,2.99
11.275,1.254,2.973
11.276,1.289,3.214
11.276,1.239,2.893
11.276,1.233,2.891
11.278,1.215,2.785
11.278,1.181,2.658
11.278,1.221,2.85
11.278,1.214,2.882
11.279,1.272,3.081
11.279,1.247,2.975
11.279,1.252,2.933
11.28,1.355,3.514
11.281,1.245,2.909
11.282,1.259,2.978
11.283,1.287,3.11
11.284,1.485,3.195
11.285,1.234,2.853
11.286,1.672,3.03
11.286,1.165,2.583
11.286,1.247,2.905
11.288,1.181,2.65
11.289,1.23,2.831
11.289,1.186,2.686
11.29,1.234,2.876
11.293,1.226,2.842
11.294,1.262,3.026
11.296,1.298,3.172
11.296,1.23,2.805
11.297,1.225,2.819
11.297,1.25,2.644
11.298,1.239,2.844
11.299,1.182,2.647
11.3,1.24,2.87
11.3,1.291,3.128
11.3,1.226,2.845
11.301,1.229,2.879
11.304,1.249,2.945
11.304,1.251,2.97
11.306,1.718,3.172
11.306,1.276,2.998
11.306,2.01,3.01
11.306,1.313,3.292
11.307,1.245,2.94
11.307,1.237,2.895
11.308,1.259,2.991
11.308,1.236,2.943
11.308,1.267,2.945
11.309,1.246,2.913
11.309,1.21,2.794
11.309,1.228,2.846
11.309,1.266,3.018
11.309,1.247,2.927
11.309,1.217,2.741
11.309,1.329,3.377
11.309,1.267,3.071
11.31,1.197,2.738
11.311,1.238,2.901
11.313,1.287,3.081
11.314,1.258,2.986
11.314,1.253,2.981
11.317,1.222,2.815
11.318,1.908,3.063
11.318,1.208,2.759
11.318,1.23,2.888
11.318,1.191,2.74
11.319,1.238,2.9
11.32,1.231,2.848
11.321,1.222,2.768
11.322,1.272,3.077
11.322,1.201,2.746
11.322,1.232,2.864
11.323,1.342,3.049
11.324,1.299,3.071
11.324,1.202,2.737
11.325,1.218,2.812
11.325,1.155,2.545
11.325,1.167,2.645
11.325,1.237,2.883
11.326,1.241,2.896
11.326,1.236,2.878
11.327,1.177,2.63
11.327,1.255,2.967
11.331,1.293,3.148
11.331,1.257,2.999
11.333,1.235,2.84
11.335,1.247,2.902
11.335,1.241,2.915
11.335,1.22,2.801
11.336,1.232,2.866
11.337,1.682,2.787
11.337,1.393,3.318
11.338,1.199,2.737
11.339,1.262,2.99
11.34,1.283,3.116
11.341,1.373,2.44
11.341,1.246,2.942
11.342,1.229,2.868
11.342,1.256,2.86
11.343,1.208,2.584
11.343,1.188,2.719
11.344,1.238,2.862
11.344,1.909,2.832
11.344,1.256,2.86
11.344,1.212,2.783
11.345,1.274,3.055
11.346,1.23,2.836
11.346,1.228,2.852
11.346,1.321,3.317
11.346,1.294,3.189
11.348,1.492,3.184
11.349,1.207,2.841
11.349,1.229,2.866
11.349,1.198,2.764
11.349,1.226,2.834
11.349,1.287,3.119
11.351,1.254,2.939
11.351,1.24,2.897
11.351,1.286,3.106
11.352,1.279,3.031
11.352,1.221,2.783
11.352,1.257,2.93
11.352,1.23,2.827
11.353,1.222,2.82
11.353,1.368,3.049
11.354,1.298,2.461
11.354,1.23,2.912
11.354,1.228,2.895
11.354,1.263,3.119
11.354,1.236,2.87
11.355,1.255,2.987
11.356,1.265,2.983
11.358,1.276,3.077
11.358,1.218,2.81
11.358,1.254,2.899
11.358,1.244,2.923
11.358,1.28,3.027
11.36,1.256,-16.127
11.361,1.165,2.577
11.362,1.209,2.773
11.362,1.803,2.653
11.363,1.182,2.675
11.363,1.298,3.002
11.364,1.973,2.902
11.364,1.241,2.891
11.365,1.221,2.796
11.366,1.277,3.162
11.368,1.197,2.722
11.369,1.302,3.236
11.369,1.25,2.957
11.369,1.264,2.892
11.369,1.191,2.643
11.37,1.287,3.13
11.372,1.259,2.996
11.372,1.278,3.083
11.374,1.266,3.034
11.375,1.254,3.016
11.379,1.213,2.769
11.38,1.173,2.595
11.38,1.22,2.851
11.381,1.273,3.046
11.382,1.305,3.231
11.383,1.23,2.863
11.383,1.308,3.235
11.384,1.523,2.997
11.385,1.26,2.983
11.385,1.186,2.672
11.385,1.233,2.886
11.385,1.281,3.097
11.385,1.264,2.898
11.386,1.274,2.986
11.387,1.184,2.666
11.388,1.216,2.808
11.388,1.27,3.058
11.389,1.192,2.708
11.389,1.241,3.15
11.39,1.264,3.008
11.39,1.993,2.899
11.39,1.237,2.912
11.391,1.313,3.275
11.391,1.231,2.774
11.391,1.258,2.795
11.392,1.232,2.863
11.393,1.244,2.911
11.394,1.472,3.976
11.395,1.171,2.604
11.395,1.28,3.108
11.396,1.24,2.891
11.396,1.231,2.796
11.398,1.208,2.752
11.4,1.227,2.849
11.4,1.244,2.937
11.401,1.268,3.047
11.402,1.247,2.814
11.402,1.27,2.977
11.403,1.289,2.79
11.404,1.214,2.81
11.405,1.274,3.063
11.405,1.252,2.996
11.407,1.272,3.04
11.407,1.212,2.802
11.407,1.227,2.843
11.407,1.233,2.9
11.408,1.894,2.94
11.409,1.304,2.77
11.409,1.21,2.795
11.41,1.224,2.822
11.412,1.213,2.818
11.414,1.189,2.695
11.414,1.252,2.957
11.414,1.224,2.804
11.416,1.192,2.693
11.418,1.238,2.922
11.418,1.255,2.979
11.419,1.255,2.968
11.419,1.216,2.717
11.419,1.224,2.833
11.42,1.915,2.894
11.42,1.221,2.819
11.421,1.267,2.973
11.422,1.224,2.816
11.422,1.293,3.174
11.423,1.235,2.868
11.423,1.277,2.985
11.423,1.274,3.003
11.426,1.198,2.692
11.426,1.816,2.971
11.427,1.199,2.717
11.427,1.277,3.062
11.429,1.264,3.026
11.43,1.203,2.728
11.432,1.214,2.753
11.432,1.329,3.351
11.432,1.277,3.083
11.432,1.258,2.981
11.433,1.264,2.993
11.434,1.216,2.805
11.436,1.218,2.86
11.436,1.217,2.733
11.436,1.237,2.904
11.436,1.315,3.151
11.437,1.408,3.364
11.437,1.226,2.836
11.437,1.207,2.762
11.438,1.305,3.283
11.438,1.222,2.818
11.44,1.258,2.98
11.441,1.256,2.985
11.441,1.207,2.747
11.441,1.184,2.669
11.441,1.218,2.816
11.442,1.282,3.097
11.442,1.387,2.507
11.444,1.249,2.956
11.445,1.182,2.682
11.445,1.5,3.314
11.445,1.235,2.902
11.447,1.28,3.059
11.448,1.686,2.811
11.448,1.2,2.8
11.449,1.236,2.89
11.449,1.27,3.056
11.449,1.283,2.968
11.45,1.246,2.96
11.452,1.268,2.966
11.452,1.28,2.911
11.453,1.234,2.889
11.453,1.284,3.115
11.454,1.268,3.076
11.455,1.236,2.886
11.455,1.246,2.998
11.456,1.251,2.954
11.457,1.367,3.301
11.458,1.732,2.923
11.459,1.308,3.206
11.46,1.244,2.949
11.46,1.512,3.024
11.46,1.644,4.728
11.46,1.229,2.84
11.46,1.228,2.855
11.46,-0.028,-0.036
11.461,1.232,2.799
11.461,1.289,3.15
11.462,1.24,2.9
11.463,1.197,2.722
11.463,1.243,2.924
11.464,1.223,2.821
11.464,1.309,3.265
11.464,0.769,1.141
11.467,1.213,2.807
11.468,1.175,2.637
11.468,1.287,3.136
11.47,1.308,2.99
11.47,1.316,3.139
11.471,1.31,3.267
11.471,1.966,2.903
11.471,1.272,3.146
11.472,2.054,3.061
11.473,1.26,3.009
11.475,1.258,2.964
11.475,2.126,2.996
11.475,1.214,2.716
11.476,1.228,2.859
11.477,1.231,2.82
11.478,1.515,2.998
11.478,1.223,2.843
11.479,1.241,2.905
11.48,1.224,2.908
11.48,1.176,2.679
11.48,1.275,2.94
11.481,1.25,2.897
11.481,1.211,2.805
11.481,1.254,2.986
11.482,1.169,2.595
11.485,1.231,2.862
11.486,1.254,2.955
11.487,1.259,2.968
11.487,1.249,2.958
11.488,1.925,2.862
11.488,1.227,2.84
11.488,1.289,3.142
11.489,1.232,2.865
11.49,1.332,3.207
11.491,1.236,2.85
11.491,1.274,3.033
11.491,1.232,2.88
11.492,1.266,3.027
11.493,1.218,2.816
11.493,1.247,2.944
11.494,1.429,3.163
11.496,1.235,2.876
11.497,1.809,2.718
11.497,1.253,3.013
11.497,1.653,3.042
11.499,1.212,2.788
11.499,1.246,2.952
11.499,1.243,2.931
11.499,1.295,3.123
11.5,1.205,2.761
11.503,1.226,2.849
11.503,1.189,2.675
11.504,1.25,2.95
11.506,1.242,2.926
11.508,1.253,2.998
11.508,1.228,2.816
11.508,1.202,2.764
11.509,1.24,2.981
11.509,1.29,3.035
11.51,1.266,2.992
11.511,1.173,2.637
11.511,1.27,3.048
11.512,1.316,2.846
11.513,1.329,3.368
11.514,1.213,2.797
11.514,1.26,2.988
11.514,1.252,2.946
11.515,1.555,3.134
11.515,1.266,3.042
11.516,1.216,2.811
11.518,1.317,3.382
11.52,1.284,2.948
11.52,1.28,3.1
11.521,1.213,2.803
11.523,1.276,3.142
11.524,1.253,2.995
11.524,1.297,3.18
11.527,1.208,2.774
11.527,1.242,2.864
11.529,1.277,2.89
11.529,1.244,2.936
11.53,1.227,2.823
11.53,1.298,3.16
11.53,1.271,3.105
11.53,1.469,3.031
11.53,1.832,2.975
11.53,1.259,2.98
11.531,1.201,2.73
11.531,1.268,3.072
11.532,1.246,2.97
11.532,1.265,2.999
11.532,1.214,2.785
11.534,1.28,2.989
11.534,1.291,3.147
11.535,1.236,2.961
11.536,1.251,2.93
11.536,2.126,2.996
11.536,1.266,3.018
11.536,1.261,3.008
11.537,1.262,2.984
11.538,1.233,2.87
11.539,1.359,3.263
11.54,1.277,3.091
11.54,1.252,2.979
11.542,1.282,3.117
11.543,1.272,3.124
11.544,1.469,2.823
11.545,1.262,3.098
11.545,1.258,2.989
11.545,1.253,2.982
11.546,1.249,2.955
11.547,1.661,2.636
11.547,1.596,2.525
11.548,1.216,2.73
11.548,1.281,3.017
11.548,1.221,2.89
11.548,1.243,2.962
11.548,1.255,2.983
11.549,1.918,2.846
11.549,1.259,2.973
11.549,1.42,3.154
11.55,1.227,2.819
11.55,1.267,3.077
11.55,1.263,3.029
11.552,1.202,2.717
11.553,1.236,2.855
11.553,1.205,2.76
11.555,1.263,3.008
11.555,1.252,2.945
11.556,1.262,3.012
11.558,1.246,2.962
11.559,1.265,3.011
11.559,1.467,2.963
11.559,1.276,3.075
11.559,1.249,2.943
11.56,1.246,2.948
11.561,1.237,2.895
11.561,1.213,2.755
11.562,1.289,3.117
11.563,1.21,2.775
11.563,1.192,2.773
11.563,1.574,4.731
11.564,1.291,3.152
11.565,1.243,2.93
11.566,1.299,2.874
11.566,1.309,3.343
11.566,1.245,2.94
11.567,1.225,2.818
11.567,1.25,2.953
11.568,1.309,3.168
11.568,1.231,2.843
11.568,1.247,2.952
11.568,1.243,2.907
11.569,1.231,2.845
11.57,1.305,3.176
11.572,1.257,2.994
11.572,1.189,2.691
11.573,1.27,2.923
11.574,1.73,2.95
11.575,1.355,3.086
11.576,1.259,3.014
11.578,1.212,2.793
11.578,1.237,2.893
11.579,1.269,3.062
11.579,1.286,2.987
11.58,1.265,3.038
11.58,1.207,2.758
11.581,1.252,2.959
11.581,1.281,3.079
11.582,1.253,2.98
11.583,1.239,3.009
11.584,1.238,2.841
11.584,1.271,3.121
11.585,1.274,3.07
11.585,1.184,2.742
11.585,1.22,2.817
11.586,1.214,2.789
11.586,1.244,3.169
11.586,1.225,2.84
11.587,1.213,2.731
11.587,1.245,2.957
11.588,1.262,2.933
11.588,1.322,3.324
11.589,1.301,2.617
11.59,1.254,2.986
11.592,1.237,2.87
11.593,1.3,3.129
11.594,1.249,2.968
11.596,1.257,2.993
11.596,1.23,2.834
11.596,1.21,2.789
11.596,1.655,2.767
11.597,1.867,2.789
11.597,1.218,2.809
11.598,1.294,3.148
11.6,1.268,3.036
11.6,1.249,2.973
11.602,1.646,3.161
11.602,1.289,3.09
11.602,1.271,3.073
11.603,1.246,2.929
11.603,1.266,3.043
11.603,1.253,2.971
11.603,1.258,2.998
11.604,1.279,3.07
11.604,1.277,3.087
11.605,1.223,3.082
11.605,1.297,3.207
11.606,1.262,3.029
11.608,1.379,3.654
11.608,1.257,3.01
11.61,1.231,2.845
11.61,1.256,2.985
11.611,1.24,2.938
11.611,1.285,3.127
11.613,1.504,4.693
11.614,1.695,2.721
11.615,1.273,3.017
11.615,1.374,3.548
11.616,1.246,2.99
11.617,1.207,2.728
11.617,1.237,2.901
11.618,1.255,2.978
11.619,1.196,2.691
11.619,1.272,3.07
11.619,1.282,3.108
11.62,1.189,2.705
11.62,1.248,2.89
11.621,1.313,3.222
11.622,1.255,3.004
11.622,1.271,3.175
11.623,1.257,2.932
11.623,1.204,2.678
11.623,1.279,3.105
11.624,1.228,2.838
11.624,1.237,2.905
11.625,1.205,2.794
11.627,1.25,2.963
11.627,1.227,2.829
11.627,1.306,3.098
11.627,1.244,2.914
11.628,1.272,3.063
11.628,1.454,3.116
11.628,1.416,3.72
11.628,1.269,3.061
11.629,1.252,2.95
11.63,1.267,3.049
11.631,1.253,2.981
11.631,1.21,2.75
11.631,1.188,2.725
11.631,1.342,3.41
11.632,1.238,2.928
11.633,1.249,3.006
11.634,1.275,3.076
11.635,1.143,2.903
11.635,1.222,2.792
11.635,1.262,3.012
11.636,1.28,3.108
11.636,1.306,3.071
11.637,1.208,2.775
11.637,1.257,2.983
11.638,1.245,2.959
11.639,1.274,3.052
11.639,1.258,3.029
11.639,1.317,3.262
11.642,1.199,2.736
11.642,1.299,3.154
11.642,1.331,3.353
11.643,1.253,2.941
11.643,1.23,2.873
11.643,1.273,3.111
11.643,1.265,3.015
11.644,1.275,3.082
11.644,1.296,3.194
11.646,1.307,3.166
11.647,1.276,2.988
11.651,1.295,3.173
11.653,1.216,2.72
11.653,1.28,3.11
11.654,1.236,2.862
11.655,1.21,2.766
11.655,1.262,2.9
11.655,1.251,2.966
11.655,1.242,2.927
11.655,1.297,2.993
11.657,1.291,2.97
11.658,1.276,3.09
11.658,1.254,2.981
11.659,1.286,3.071
11.66,1.278,3.072
11.66,1.249,2.853
11.66,1.24,2.93
11.661,1.25,2.942
11.662,1.265,3.029
11.662,1.279,3.11
11.662,1.274,3.061
11.662,1.236,2.815
11.662,1.269,3.052
11.662,1.395,3.003
11.662,1.324,2.876
11.663,1.287,3.142
11.664,1.196,2.719
11.665,1.298,3.151
11.666,1.226,2.793
11.667,1.18,2.66
11.667,1.319,3.103
11.667,1.282,3.138
11.668,1.374,3.087
11.668,1.235,2.844
11.669,1.451,4.029
11.67,1.331,3.388
11.672,1.286,3.128
11.672,1.306,3.19
11.673,1.279,3.075
11.674,1.257,2.955
11.675,1.276,3.091
11.676,1.268,3.045
11.676,1.26,3.017
11.676,1.278,3.091
11.677,1.286,3.14
11.678,1.287,3.141
11.679,1.22,2.801
11.679,1.274,3.079
11.68,1.276,3.114
11.681,1.233,2.884
11.681,1.165,2.655
11.681,1.247,2.877
11.684,1.224,2.856
11.685,1.272,3.068
11.686,1.323,3.336
11.686,1.312,2.868
11.686,1.285,3.129
11.688,1.306,2.856
11.689,1.26,3.003
11.69,1.242,2.813
11.69,1.318,2.76
11.69,1.273,3.07
11.691,1.28,3.092
11.692,1.27,2.96
11.693,1.319,3.143
11.693,1.241,2.903
11.695,1.253,3.032
11.696,1.255,2.949
11.696,1.217,2.856
11.697,1.271,3.054
11.698,1.283,3.138
11.698,1.384,2.805
11.699,1.28,3.082
11.7,1.245,2.956
11.702,1.239,2.949
11.703,1.686,2.852
11.703,1.244,2.96
11.703,1.29,3.203
11.704,1.266,3.015
11.704,1.254,2.943
11.705,1.914,2.71
11.705,1.265,2.982
11.705,1.258,3.002
11.706,1.244,2.826
11.706,1.146,2.53
11.708,1.256,2.994
11.71,0.767,1.347
11.71,1.218,2.756
11.711,1.252,2.953
11.712,1.266,2.953
11.712,1.289,3.302
11.714,1.277,3.171
11.714,1.273,3.074
11.716,1.251,2.961
11.716,1.451,3.21
11.717,1.242,2.929
11.72,1.252,2.965
11.72,1.199,2.766
11.722,1.236,2.954
11.722,1.232,2.828
11.723,1.262,3.091
11.723,1.265,3.038
11.723,1.272,3.073
11.724,1.231,2.847
11.724,1.242,2.927
11.725,1.266,3.177
11.726,1.361,2.297
11.727,1.304,3.19
11.728,1.31,3.217
11.728,1.258,2.974
11.728,1.217,2.825
11.729,1.236,2.911
11.729,1.29,3.048
11.73,1.221,2.835
11.732,1.19,2.78
11.732,1.259,2.916
11.733,1.242,2.93
11.736,1.269,3.057
11.736,1.292,3.179
11.737,1.996,2.889
11.738,1.281,3.162
11.738,1.668,3.071
11.739,1.205,2.7
11.739,1.297,3.161
11.741,1.72,3.117
11.741,1.21,2.831
11.741,1.298,3.196
11.741,1.276,3.08
11.742,1.284,2.962
11.745,1.267,3.051
11.748,1.266,3.044
11.748,1.284,3.029
11.749,1.256,2.995
11.75,1.268,3.057
11.75,1.375,2.916
11.751,1.256,2.854
11.751,1.275,3.093
11.751,1.308,2.503
11.751,1.243,2.934
11.751,1.196,2.723
11.753,1.174,2.571
11.753,1.266,2.874
11.755,1.263,3.016
11.756,1.339,3.183
11.756,1.277,3.096
11.757,1.275,3.049
11.757,1.284,3.088
11.758,1.279,3.09
11.758,1.28,3.082
11.758,1.24,2.804
11.76,1.244,2.946
11.762,1.231,2.862
11.762,1.299,3.167
11.766,1.292,3.181
11.768,1.292,3.113
11.768,1.277,3.061
11.768,1.264,3.001
11.769,1.339,3.417
11.769,1.322,3.348
11.77,1.282,3.112
11.771,1.304,3.304
11.771,1.263,3.036
11.772,1.317,3.243
11.773,1.271,3.06
11.774,1.286,3.102
11.774,1.361,3.1
11.774,1.283,3.141
11.774,1.256,3.107
11.774,1.24,2.914
11.775,1.27,3.031
11.776,1.202,2.745
11.777,1.222,2.828
11.778,1.497,3.089
11.779,1.196,2.665
11.779,1.256,2.988
11.78,1.313,3.067
11.781,1.228,2.874
11.782,1.275,3.084
11.782,1.29,3.144
11.782,1.298,3.189
11.783,1.202,2.735
11.783,1.194,2.723
11.784,1.328,3.261
11.784,1.319,3.295
11.786,1.225,2.872
11.788,1.183,2.735
11.789,1.221,2.813
11.792,1.275,3.07
11.792,1.286,3.175
11.792,1.227,2.886
11.792,1.271,3.059
11.792,1.263,3.016
11.795,1.556,3.159
11.795,1.242,2.959
11.796,1.287,3.14
11.797,1.263,3.012
11.797,1.282,3.08
11.798,1.309,3.152
11.799,1.171,2.665
11.799,1.243,2.933
11.8,1.201,2.763
11.8,1.311,3.169
11.8,1.265,3.004
11.8,1.236,2.9
11.803,1.25,2.979
11.803,1.231,2.867
11.805,1.339,3.12
11.805,1.279,3.047
11.806,1.392,3.079
11.807,1.235,2.957
11.807,1.291,3.197
11.807,1.214,2.763
11.807,1.504,2.076
11.808,1.247,2.88
11.808,1.481,4.373
11.808,1.249,2.895
11.811,1.294,3.178
11.813,1.207,2.857
11.813,1.254,3.017
11.813,1.222,2.83
11.814,1.222,2.832
11.814,1.255,2.969
11.814,1.226,2.816
11.815,1.288,3.126
11.816,1.29,3.116
11.817,1.284,3.106
11.821,1.198,2.812
11.821,1.266,3.036
11.822,1.259,3.021
11.823,1.197,2.72
11.823,1.264,2.926
11.824,1.245,2.901
11.824,1.302,2.955
11.824,1.291,3.253
11.826,1.235,3.041
11.826,1.202,2.737
11.827,1.241,2.994
11.83,1.301,3.317
11.831,1.195,2.626
11.831,1.216,2.802
11.832,1.26,2.992
11.832,1.273,3.072
11.833,1.262,3.014
11.834,1.276,3.066
11.835,1.241,2.745
11.836,1.238,2.9
11.837,1.268,3.009
11.837,1.294,3.282
11.839,1.259,2.796
11.839,1.229,2.896
11.84,1.327,3.23
11.842,1.279,3.112
11.844,1.286,3.137
11.846,1.178,2.648
11.848,1.226,2.889
11.848,1.236,2.911
11.848,1.269,3.046
11.848,1.331,3.222
11.848,1.304,3.321
11.849,1.321,3.32
11.849,1.275,3.095
11.849,1.271,3.05
11.85,1.299,3.174
11.85,1.268,3.025
11.85,1.574,3.151
11.851,1.538,4.616
11.852,1.262,3.015
11.852,1.253,2.958
11.852,1.306,3.028
11.852,1.294,3.268
11.852,1.235,2.881
11.853,1.266,2.996
11.853,1.204,2.717
11.853,1.218,2.761
11.854,1.222,2.836
11.855,1.309,3.097
11.856,1.246,2.94
11.857,1.299,3.206
11.857,1.224,2.843
11.857,1.256,2.994
11.858,1.191,2.818
11.859,1.936,3.04
11.86,1.434,3.092
11.86,1.222,2.772
11.861,1.297,3.308
11.862,1.257,2.76
11.863,1.287,2.864
11.864,0.659,1.17
11.864,1.305,3.319
11.864,1.267,3.049
11.865,1.29,3.132
11.868,1.274,3.062
11.868,1.922,2.93
11.869,1.273,3.082
11.87,1.297,2.993
11.87,1.141,3.192
11.872,1.236,2.88
11.872,1.297,2.993
11.875,1.277,3.097
11.875,1.241,2.848
11.875,1.281,3.077
11.876,1.209,2.772
11.876,1.263,3.005
11.877,1.251,2.991
11.878,1.224,2.845
11.878,1.252,2.909
11.878,0.71,1.265
11.878,1.273,3.06
11.879,1.332,3.409
11.879,1.291,2.981
11.881,1.28,2.958
11.881,1.224,2.871
11.881,1.254,2.597
11.882,1.231,2.891
11.883,1.226,2.789
11.884,1.313,3.046
11.884,1.295,3.154
11.886,1.236,2.834
11.886,1.255,2.992
11.887,1.3,3.293
11.887,1.307,2.859
11.889,1.291,3.172
11.89,1.274,2.917
11.89,1.595,3.192
11.891,1.4,3.234
11.891,1.276,3.103
11.892,1.274,3.103
11.892,1.202,2.838
11.893,1.231,2.868
11.894,1.295,3.118
11.894,1.281,3.047
11.895,1.277,3.118
11.898,1.335,3.277
11.898,1.284,3.084
11.9,1.272,3.064
11.902,1.247,2.926
11.902,1.32,3.234
11.904,1.271,2.966
11.906,1.29,3.158
11.906,1.305,3.114
11.906,1.78,3.145
11.906,1.29,3.159
11.907,1.331,3.227
11.907,1.277,3.126
11.908,1.234,2.844
11.91,1.333,3.184
11.912,1.251,2.953
11.913,1.525,3.265
11.913,1.288,3.154
11.915,1.302,3.226
11.916,1.22,2.814
11.917,1.272,3.065
11.917,1.223,2.743
11.917,1.219,2.852
11.917,1.231,2.929
11.917,1.247,2.899
11.918,1.315,3.186
11.918,1.235,2.867
11.919,1.314,2.718
11.919,1.424,3.195
11.922,1.208,2.83
11.923,1.285,3.148
11.924,0.557,0.918
11.925,1.273,3.066
11.925,1.259,3
11.925,1.292,3.168
11.926,1.242,2.893
11.929,1.249,2.928
11.929,1.269,3.039
11.931,1.25,2.975
11.933,1.262,3.033
11.933,1.311,3.301
11.934,1.243,2.91
11.934,1.168,2.642
11.935,1.22,2.768
11.935,1.275,3.093
11.936,1.304,3.044
11.937,1.292,3.093
11.938,1.245,2.938
11.938,1.296,3.047
11.939,1.584,3.086
11.939,1.288,3.155
11.94,1.394,3.716
11.941,1.26,3.049
11.941,1.314,3.272
11.941,1.294,3.142
11.942,1.298,3.185
11.943,1.288,3.15
11.945,1.29,3.153
11.946,1.418,3.201
11.946,1.275,3.068
11.947,1.269,3.066
11.948,1.227,2.959
11.948,1.258,3.064
11.948,1.263,2.867
11.948,1.308,3.199
11.948,1.289,2.94
11.948,1.431,3.483
11.949,1.305,3.179
11.949,1.204,2.79
11.949,1.256,3
11.95,1.286,3.143
11.951,1.592,2.876
11.952,1.281,3.111
11.952,1.267,3.042
11.953,1.271,3.072
11.953,1.179,2.65
11.955,1.169,2.744
11.955,1.282,3.128
11.956,1.265,3.055
11.957,1.244,2.918
11.957,1.259,2.985
11.957,1.279,3.104
11.958,1.283,3.236
11.96,1.303,3.144
11.961,1.267,2.956
11.963,1.24,2.917
11.964,1.224,2.923
11.965,1.299,3.229
11.965,1.302,2.905
11.968,1.266,3.033
11.968,1.229,2.894
11.968,1.257,3.004
11.968,1.308,3.081
11.969,1.246,2.957
11.97,1.253,2.845
11.972,1.297,3.197
11.974,1.288,3.158
11.974,1.243,2.901
11.975,1.308,3.247
11.975,1.22,2.834
11.975,1.265,3.066
11.975,1.318,3.175
11.976,1.953,3.049
11.978,1.214,2.813
11.978,1.216,2.767
11.979,1.321,3.238
11.979,1.282,3.104
11.98,1.301,3.241
11.981,1.287,3.144
11.981,1.291,3.16
11.982,1.301,3.016
11.982,1.285,3.117
11.983,1.26,3.018
11.984,1.326,3.272
11.984,1.231,2.796
11.984,1.273,2.877
11.985,1.26,2.984
11.986,0.81,1.328
11.986,1.246,2.958
11.987,1.236,2.798
11.988,1.528,3.299
11.988,1.244,2.923
11.988,1.869,3.184
11.989,1.23,2.894
11.991,1.284,3.002
11.991,1.238,2.797
11.991,1.333,3.101
11.994,1.296,3.139
11.996,1.288,3.153
11.996,1.25,2.968
11.997,1.269,3.033
11.998,1.221,2.831
11.998,1.25,2.983
11.999,1.287,3.153
12.002,1.314,3.224
12.004,1.281,3.147
12.005,1.201,2.744
12.005,1.205,2.799
12.007,1.537,4.189
12.008,1.281,3.106
12.008,1.327,3.248
12.009,1.211,2.786
12.009,1.305,3.185
12.009,1.211,2.774
12.012,1.775,3.44
12.012,1.174,2.666
12.012,1.276,3.094
12.013,1.206,2.787
12.014,1.279,3.1
12.015,1.293,3.187
12.016,1.27,3.068
12.016,1.287,3.15
12.017,1.247,2.954
12.017,1.254,2.96
12.017,1.27,3.075
12.019,1.211,2.772
12.02,1.335,3.018
12.021,1.478,1.918
12.022,1.358,3.273
12.023,1.241,2.892
12.024,1.993,3.066
12.025,1.304,3.106
12.025,1.255,3.047
12.027,1.243,2.864
12.027,1.324,3.21
12.028,1.27,3.077
12.028,1.286,3.149
12.03,1.315,2.977
12.031,1.285,2.994
12.031,1.312,3.218
12.031,1.279,3.083
12.032,1.293,2.507
12.032,1.248,2.979
12.034,1.274,3.076
12.034,1.272,3.219
12.036,0.884,1.582
12.038,1.287,3.035
12.039,1.256,2.994
12.04,1.265,3.027
12.04,1.351,3.321
12.041,1.282,3.01
12.044,1.234,2.862
12.045,1.244,2.94
12.046,1.294,3.168
12.047,1.242,2.873
12.048,1.296,3.19
12.048,1.282,2.956
12.05,1.257,2.871
12.052,1.283,3.126
12.052,1.264,3.012
12.052,1.272,3.077
12.055,1.261,3.008
12.055,1.288,2.879
12.055,1.298,3.182
12.056,0.814,1.627
12.056,1.246,2.976
12.056,1.282,3.125
12.059,1.214,2.748
12.059,1.329,3.165
12.06,1.305,3.247
12.06,1.32,3.28
12.061,1.297,3.19
12.063,1.242,2.908
12.063,1.167,2.642
12.063,1.265,2.853
12.065,1.217,2.812
12.066,1.286,3.146
12.067,1.315,3.108
12.068,1.294,3.154
12.07,1.439,3.268
12.071,1.341,2.908
12.071,1.308,3.239
12.071,1.368,3.294
12.074,1.226,2.87
12.074,1.27,3.071
12.075,1.264,3.03
12.076,1.281,3.085
12.077,1.234,2.856
12.077,0.81,1.436
12.078,1.225,2.819
12.082,1.238,2.83
12.083,1.296,3.082
12.084,1.287,3.052
12.084,1.335,3.284
12.088,1.331,3.277
12.088,1.27,3.06
12.088,1.287,3.154
12.089,1.321,3.269
12.09,1.302,3.25
12.09,1.281,3.121
12.091,1.357,2.802
12.091,1.276,3.083
12.093,1.333,3.291
12.094,1.313,3.118
12.095,1.292,3.026
12.095,1.282,3.133
12.096,1.247,2.926
12.096,1.281,2.966
12.097,1.296,3.301
12.097,2.079,3.083
12.097,1.291,3.153
12.099,1.32,3.087
12.099,1.302,3.249
12.102,1.342,3.216
12.104,1.275,3.059
12.105,1.266,3.05
12.106,1.252,3.108
12.107,1.232,2.859
12.108,1.332,3.157
12.108,1.287,3.162
12.11,1.305,3.187
12.114,1.221,2.818
12.117,1.291,3.152
12.118,1.263,2.903
12.118,1.294,3.18
12.119,1.612,3.12
12.123,1.582,2.854
12.124,1.391,3.307
12.124,1.283,3.016
12.126,1.255,3.001
12.126,1.227,2.814
12.13,1.244,2.881
12.131,1.252,2.944
12.131,1.304,3.182
12.131,1.26,2.811
12.131,1.247,2.912
12.131,1.358,3.281
12.133,1.259,2.945
12.135,1.312,2.979
12.139,1.293,3.181
12.141,1.262,2.963
12.142,1.325,3.149
12.142,1.304,2.985
12.142,1.204,2.699
12.143,1.223,2.827
12.144,1.227,2.855
12.144,1.297,3.174
12.145,1.244,2.714
12.145,1.186,2.749
12.147,1.257,2.967
12.148,1.278,3.025
12.149,1.303,3.13
12.149,1.322,3.338
12.15,1.294,3.139
12.15,1.32,3.343
12.152,1.239,2.939
12.154,1.252,3.009
12.154,1.268,2.996
12.156,1.414,3.223
12.157,1.302,3.275
12.158,1.608,3.339
12.159,1.297,3.142
12.159,0.533,1.048
12.159,1.318,3.304
12.16,1.435,3.631
12.16,1.292,3.182
12.161,1.707,2.786
12.161,1.307,3.173
12.162,1.313,3.28
12.162,1.313,3.168
12.162,1.324,3.29
12.165,1.279,3.095
12.165,1.264,2.88
12.165,1.281,3.116
12.165,1.235,2.923
12.165,1.249,2.901
12.168,1.314,3.23
12.168,1.239,2.89
12.168,1.843,3.083
12.169,1.318,2.905
12.174,1.277,3.11
12.174,1.285,3.14
12.174,1.261,3.111
12.175,1.295,3.191
12.179,1.215,3.017
12.184,1.264,3.035
12.186,1.231,2.855
12.188,1.239,2.925
12.189,1.341,3.443
12.192,1.297,3.185
12.192,1.253,2.985
12.198,1.446,4.357
12.198,1.493,4.243
12.199,1.3,3.205
12.2,1.225,2.786
12.2,1.306,3.135
12.2,1.303,3.248
12.201,1.293,3.18
12.202,1.233,2.54
12.202,1.258,2.931
12.202,1.214,2.837
12.202,1.32,3.241
12.204,1.249,2.963
12.204,1.206,2.859
12.205,1.252,2.943
12.205,0.736,1.143
12.207,1.237,2.672
12.208,0.518,0.813
12.208,1.302,3.106
12.208,1.291,3.156
12.208,1.283,3.135
12.208,1.313,3.226
12.209,1.197,2.725
12.209,1.285,3.142
12.21,1.293,3.12
12.21,1.277,3.109
12.211,1.259,2.992
12.212,1.316,3.321
12.215,1.281,3.119
12.216,1.314,3.266
12.218,1.36,3.312
12.218,1.398,3.152
12.219,1.299,3.111
12.219,1.438,3.237
12.219,1.315,3.233
12.22,1.262,3.038
12.22,1.261,2.857
12.22,1.26,3.006
12.221,1.255,2.948
12.221,1.326,3.386
12.222,1.224,2.811
12.223,1.842,3.083
12.223,1.342,3.029
12.223,1.213,2.751
12.224,1.275,3.101
12.226,1.271,3.094
12.227,1.276,2.861
12.229,1.271,3.047
12.231,1.358,3.459
12.231,1.316,3.31
12.233,1.299,3.201
12.234,1.285,3.118
12.235,1.291,3.173
12.235,1.221,3.09
12.235,1.302,3.228
12.235,1.319,3.355
12.239,1.292,3.28
12.24,1.285,3.137
12.241,1.36,3.284
12.241,1.362,3.561
12.241,1.278,3.103
12.241,1.329,3.129
12.242,1.262,3.015
12.243,1.301,3.22
12.246,1.285,3.142
12.246,1.344,3.369
12.247,1.299,3.159
12.247,1.271,2.988
12.248,1.255,2.939
12.249,1.28,3.097
12.249,1.273,2.951
12.249,1.338,2.976
12.251,1.294,3.119
12.252,1.26,2.833
12.253,1.323,3.303
12.254,1.296,3.18
12.256,1.284,2.966
12.256,1.305,3.235
12.256,1.31,3.239
12.258,1.282,3.146
12.259,1.178,2.715
12.259,1.323,3.285
12.259,1.288,3.137
12.26,1.281,3.125
12.262,1.287,3.147
12.262,1.295,3.219
12.264,1.219,2.841
12.265,2.004,3.265
12.266,1.341,3.36
12.269,1.268,3.057
12.271,1.379,3.345
12.272,1.269,3.069
12.281,1.293,3.175
12.282,1.26,3.013
12.283,1.295,2.805
12.284,1.299,3.214
12.287,1.247,2.964
12.288,1.301,3.202
12.289,1.309,3.074
12.291,1.331,3.128
12.291,1.289,2.823
12.292,1.338,3.369
12.294,1.365,3.658
12.294,1.313,3.277
12.295,1.254,3.035
12.296,1.228,2.897
12.298,1.301,3.188
12.302,1.273,3.099
12.306,1.267,2.978
12.307,1.331,3.265
12.309,1.272,3.105
12.312,1.29,3.181
12.313,1.264,2.936
12.313,1.244,3.018
12.313,1.413,3.472
12.317,1.336,3.413
12.321,1.242,2.822
12.322,0.634,1.098
12.324,1.282,3.131
12.324,1.273,3.08
12.325,1.326,3.008
12.325,1.31,3.303
12.33,1.327,3.078
12.33,1.282,3.14
12.331,1.279,3.116
12.331,1.221,2.591
12.332,1.316,3.296
12.334,1.232,2.901
12.339,1.252,2.985
12.34,1.308,3.275
12.341,1.259,3.009
12.345,1.3,3.207
12.355,1.315,2.903
12.356,1.247,2.958
12.357,1.3,3.092
12.357,1.298,3.205
12.358,1.303,3.22
12.358,1.275,3.106
12.367,1.298,3.212
12.367,1.347,3.239
12.367,1.287,3.023
12.368,1.275,3.001
12.368,1.302,3.242
12.369,1.348,3.287
12.37,1.273,2.775
12.372,1.258,3.04
12.374,1.308,3.266
12.376,1.307,3.253
12.378,1.284,2.814
12.379,1.289,3.107
12.38,1.424,2.818
12.38,1.316,3.286
12.383,1.276,3.12
12.383,1.265,3.028
12.384,1.321,3.322
12.386,1.335,3.232
12.387,1.281,3.112
12.387,0.759,1.296
12.387,1.328,3.368
12.389,1.796,2.728
12.391,1.312,3.181
12.391,1.316,3.312
12.392,1.228,2.698
12.393,1.309,2.849
12.393,1.72,2.726
12.394,2.287,-10.644
12.394,1.305,3.193
12.395,1.273,3.098
12.395,1.269,3.073
12.398,1.298,3.216
12.4,1.529,2.177
12.4,1.546,2.984
12.403,1.268,3.068
12.403,1.284,3.124
12.408,1.309,3.214
12.411,1.267,3.061
12.412,1.29,3.214
12.412,1.201,2.688
12.413,1.287,3.117
12.414,1.281,2.866
12.414,1.281,3.136
12.416,1.291,3.181
12.42,1.282,3.147
12.421,1.325,3.253
12.422,1.306,3.229
12.423,1.342,3.201
12.425,1.295,3.077
12.425,1.302,3.36
12.425,1.302,3.214
12.426,1.259,3.136
12.427,1.323,3.344
12.427,1.497,3.592
12.428,1.251,2.633
12.429,1.297,3.188
12.431,1.282,3.048
12.431,1.265,2.986
12.434,1.329,3.269
12.437,1.363,3.215
12.443,1.327,3.242
12.445,1.3,3.233
12.446,1.325,3.314
12.446,1.264,2.738
12.448,1.306,3.26
12.448,1.265,3.026
12.453,1.282,3
12.455,1.311,3.274
12.457,1.312,3.309
12.457,1.348,3.303
12.459,1.268,3.067
12.459,1.302,3.198
12.461,1.221,2.901
12.464,1.3,3.088
12.464,1.253,3.014
12.466,1.209,2.672
12.468,1.317,3.335
12.471,1.319,3.23
12.472,1.292,3.193
12.473,1.322,3.333
12.476,1.304,3.338
12.478,1.407,2.837
12.48,1.252,2.92
12.48,1.363,2.636
12.481,1.304,3.054
12.482,1.318,3.301
12.483,1.314,3.311
12.486,1.383,3.564
12.49,1.31,3.27
12.491,1.313,3.289
12.491,1.278,3.118
12.491,1.265,3.041
12.494,1.288,3.129
12.498,1.278,2.961
12.503,1.304,3.124
12.503,1.306,3.247
12.508,1.286,3.102
12.508,1.251,3.003
12.51,1.339,3.13
12.511,1.327,3.22
12.512,1.357,3.312
12.517,1.331,3.373
12.519,1.313,3.287
12.52,1.307,3.25
12.521,1.325,3.331
12.521,1.282,3.138
12.522,1.329,3.41
12.522,1.311,3.247
12.525,1.295,3.089
12.527,0.887,1.425
12.529,1.238,2.711
12.529,1.286,3.151
12.53,1.298,3.361
12.531,1.286,3.016
12.532,1.299,3.205
12.537,1.304,3.262
12.54,1.319,3.111
12.549,1.698,3.098
12.549,1.306,3.222
12.551,1.281,3.129
12.554,1.305,3.214
12.561,1.319,3.152
12.561,1.347,3.348
12.562,1.387,2.806
12.563,1.305,3.265
12.564,1.262,3.027
12.568,0.929,1.312
12.568,1.331,3.375
12.573,1.285,3.153
12.578,1.322,3.347
12.578,1.405,2.536
12.579,1.243,3.025
12.579,1.35,3.072
12.584,1.313,2.948
12.585,1.328,3.198
12.587,1.259,3.077
12.587,1.313,3.273
12.588,1.302,3.197
12.59,1.315,2.953
12.593,1.285,3.148
12.595,1.258,2.938
12.596,1.324,3.182
12.597,1.338,3.417
12.6,1.314,3.133
12.601,1.306,2.956
12.608,1.194,2.561
12.613,1.403,3.304
12.619,1.633,2.425
12.632,1.329,3.377
12.633,1.35,3.417
12.633,1.386,3.732
12.642,1.297,3.204
12.643,1.308,3.286
12.646,1.335,3.416
12.647,1.194,2.735
12.647,1.329,3.15
12.652,1.362,3.355
12.663,1.341,3.459
12.665,1.326,3.355
12.677,1.353,3.345
12.677,1.328,3.349
12.681,1.312,3.248
12.685,1.305,3.261
12.687,1.34,3.447
12.687,1.42,3.815
12.688,1.283,3.148
12.689,1.325,3.324
12.708,1.211,2.779
12.709,1.532,3.101
12.709,1.336,3.352
12.714,1.336,3.427
12.719,1.341,3.111
12.724,1.417,3.43
12.728,1.426,3.341
12.729,1.53,3.565
12.729,1.676,3.897
12.741,0.834,1.63
12.742,1.484,3.716
12.745,1.437,2.022
12.753,1.303,3.207
12.76,1.333,3.42
12.76,0.841,1.311
12.76,1.34,3.254
12.764,1.329,3.296
12.764,1.233,2.959
12.772,0.941,1.346
12.774,1.334,3.418
12.776,1.219,2.728
12.778,1.333,3.414
12.788,1.124,2.316
12.8,1.321,2.999
12.801,1.334,3.417
12.82,1.295,3.138
12.825,1.344,3.497
12.832,1.38,3.444
12.832,1.028,1.656
12.837,1.31,3.26
12.841,1.343,3.441
12.847,0.558,0.878
12.861,1.345,3.467
12.863,1.33,3.44
12.866,1.141,2.351
12.867,0.784,1.406
12.867,1.333,3.256
12.868,1.347,3.48
12.871,1.359,3.533
12.891,1.338,3.456
12.893,1.333,3.409
12.893,1.862,3.597
12.905,1.369,3.397
12.908,1.37,3.603
12.921,1.233,2.654
12.925,1.332,3.416
12.943,1.32,3.121
12.944,1.322,3.367
12.948,1.691,1.863
12.951,1.371,3.555
12.953,1.329,3.243
12.957,1.365,3.297
12.958,1.329,3.413
12.961,1.326,3.375
12.974,1.152,1.669
12.986,1.335,3.471
12.987,1.364,3.473
13.002,0.813,1.56
13.026,0.771,1.288
13.039,1.351,3.519
13.058,0.539,0.943
13.078,1.4,3.511
13.08,1.368,3.54
13.082,1.528,3.206
13.088,1.376,3.6
13.096,1.068,1.951
13.115,1.384,3.439
13.124,1.371,3.54
13.127,0.53,0.656
13.136,1.404,3.13
13.141,1.355,3.545
13.146,1.381,3.63
13.155,1.415,3.128
13.167,1.3,3.082
13.169,0.653,1.186
13.176,1.37,3.592
13.177,1.301,3.055
13.18,1.193,2.474
13.181,1.469,2.654
13.186,1.39,3.165
13.194,0.61,0.979
13.227,1.394,3.746
13.245,1.467,3.118
13.255,1.332,3.326
13.258,0.797,1.147
13.262,1.546,2.556
13.289,0.54,0.969
13.3,0.737,1.249
13.314,1.334,2.424
13.338,1.249,2.806
13.369,1.228,1.656
13.379,1.3,1.721
13.395,0.822,1.181
13.413,1.463,1.574
13.434,1.286,2.598
13.44,1.476,2.103
13.446,1.152,2.294
13.456,0.887,1.572
13.462,0.525,0.862
13.473,1.078,1.408
13.499,1.157,2.335
13.521,1.426,3.698
13.561,1.525,3.365
13.563,2.318,2.954
13.567,0.47,0.855
13.585,1.708,2.802
13.591,1.025,1.762
13.606,1.044,2.196
13.614,0.868,1.304
13.622,0.743,1.272
13.624,1.43,3.536
13.65,1.341,2.591
13.65,1.011,1.992
13.666,0.906,1.463
13.68,1.085,1.856
13.698,1.694,3.047
13.71,0.96,1.695
13.733,1.266,2.695
13.753,1.416,1.542
13.788,1.294,1.189
13.801,1.051,1.869
13.836,1.304,1.997
13.843,1.201,2.155
13.885,0.555,0.945
13.893,1.504,2.706
13.911,1.527,2.255
13.914,1.1,1.537
13.919,0.357,0.451
13.929,1.184,1.479
13.931,1.583,2.209
13.955,1.498,3.721
13.958,0.722,1.227
13.994,0.778,1.262
13.996,1.071,1.917
