Teff,U,B,V,R,I,J,H,K,u,g,r,i,z,G,BP,RP,U-B,B-V,V-R,R-I,J-H,H-K,u-g,g-r,r-i,i-z,V-J,r-J,G-RP,BP-RP,Log g,Mass,Age
3500,20.374,19.186,17.190,15.907,14.774,13.610,13.120,12.831,21.252,18.245,16.371,15.474,14.944,16.104,17.371,14.980,1.188,1.996,1.283,1.133,0.490,0.289,3.007,1.874,0.897,0.530,3.580,2.761,1.124,2.391,7,0.150,2.90E+09
3750,19.367,18.340,16.515,15.371,14.352,13.350,12.921,12.670,20.235,17.475,15.785,15.008,14.569,15.605,16.720,14.546,1.027,1.825,1.144,1.019,0.429,0.251,2.760,1.690,0.777,0.439,3.165,2.435,1.059,2.174,7,0.151,2.79E+09
4000,18.449,17.573,15.912,14.895,13.983,13.124,12.748,12.527,19.308,16.779,15.264,14.600,14.243,15.155,16.134,14.164,0.876,1.661,1.017,0.912,0.376,0.221,2.529,1.515,0.664,0.357,2.788,2.140,0.991,1.970,7,0.151,2.49E+09
4250,17.605,16.874,15.371,14.473,13.662,12.928,12.596,12.402,18.455,16.148,14.804,14.244,13.960,14.750,15.604,13.829,0.731,1.503,0.898,0.811,0.332,0.194,2.307,1.344,0.560,0.284,2.443,1.876,0.921,1.775,7,0.152,2.19E+09
4500,16.818,16.233,14.888,14.100,13.384,12.758,12.464,12.293,17.662,15.575,14.398,13.934,13.715,14.384,15.125,13.535,0.585,1.345,0.788,0.716,0.294,0.171,2.087,1.177,0.464,0.219,2.130,1.640,0.849,1.590,7,0.153,1.96E+09
4750,16.079,15.644,14.457,13.772,13.142,12.611,12.349,12.197,16.916,15.053,14.040,13.664,13.502,14.054,14.691,13.278,0.435,1.187,0.685,0.630,0.262,0.152,1.863,1.013,0.376,0.162,1.846,1.429,0.776,1.413,7,0.155,1.74E+09
5000,15.385,15.108,14.077,13.484,12.932,12.480,12.245,12.110,16.215,14.584,13.728,13.430,13.317,13.757,14.300,13.055,0.277,1.031,0.593,0.552,0.235,0.135,1.631,0.856,0.298,0.113,1.597,1.248,0.702,1.245,7,0.157,1.55E+09
5250,14.752,14.635,13.749,13.234,12.747,12.362,12.149,12.027,15.577,14.173,13.459,13.226,13.153,13.491,13.955,12.858,0.117,0.886,0.515,0.487,0.213,0.122,1.404,0.714,0.233,0.073,1.387,1.097,0.633,1.097,7,0.159,1.38E+09
5500,14.198,14.229,13.466,13.015,12.581,12.249,12.056,11.946,15.019,13.820,13.224,13.045,13.004,13.254,13.653,12.682,-0.031,0.763,0.451,0.434,0.193,0.110,1.199,0.596,0.179,0.041,1.217,0.975,0.572,0.971,7,0.161,1.23E+09
6000,13.322,13.585,13.002,12.640,12.285,12.037,11.876,11.788,14.141,13.252,12.829,12.725,12.733,12.846,13.151,12.371,-0.263,0.583,0.362,0.355,0.161,0.088,0.889,0.423,0.104,-0.008,0.965,0.792,0.475,0.780,7,0.167,9.88E+08
6500,12.683,13.095,12.628,12.326,12.029,11.848,11.714,11.645,13.502,12.810,12.501,12.451,12.496,12.506,12.748,12.103,-0.412,0.467,0.302,0.297,0.134,0.069,0.692,0.309,0.050,-0.045,0.780,0.653,0.403,0.645,7,0.171,8.25E+08
7000,12.174,12.688,12.303,12.047,11.795,11.670,11.561,11.508,12.994,12.436,12.210,12.203,12.278,12.205,12.401,11.859,-0.514,0.385,0.256,0.252,0.109,0.053,0.558,0.226,0.007,-0.075,0.633,0.540,0.346,0.542,7,0.175,6.93E+08
7500,11.744,12.334,12.013,11.792,11.578,11.501,11.414,11.377,12.565,12.107,11.947,11.975,12.074,11.931,12.091,11.634,-0.590,0.321,0.221,0.214,0.087,0.037,0.458,0.160,-0.028,-0.099,0.512,0.446,0.297,0.457,7,0.180,5.82E+08
8000,11.368,12.020,11.753,11.563,11.382,11.347,11.279,11.256,12.190,11.814,11.711,11.768,11.889,11.685,11.814,11.431,-0.652,0.267,0.190,0.181,0.068,0.023,0.376,0.103,-0.057,-0.121,0.406,0.364,0.254,0.383,7,0.184,4.90E+08
8500,11.036,11.736,11.511,11.345,11.189,11.191,11.142,11.133,11.858,11.547,11.487,11.567,11.706,11.452,11.558,11.232,-0.700,0.225,0.166,0.156,0.049,0.009,0.311,0.060,-0.080,-0.139,0.320,0.296,0.220,0.326,7,0.189,4.14E+08
9000,10.729,11.479,11.298,11.158,11.031,11.069,11.035,11.036,11.553,11.306,11.294,11.400,11.558,11.249,11.329,11.067,-0.750,0.181,0.140,0.127,0.034,-0.001,0.247,0.012,-0.106,-0.158,0.229,0.225,0.182,0.262,7,0.194,3.52E+08
9500,10.456,11.252,11.112,10.994,10.891,10.959,10.938,10.948,11.280,11.094,11.126,11.253,11.427,11.069,11.127,10.923,-0.796,0.140,0.118,0.103,0.021,-0.010,0.186,-0.032,-0.127,-0.174,0.153,0.167,0.146,0.204,7,0.199,3.01E+08
10000,10.216,11.057,10.957,10.862,10.782,10.874,10.863,10.880,11.042,10.914,10.989,11.137,11.325,10.921,10.957,10.808,-0.841,0.100,0.095,0.080,0.011,-0.017,0.128,-0.075,-0.148,-0.188,0.083,0.115,0.113,0.149,7,0.202,2.60E+08
11000,9.810,10.714,10.669,10.607,10.561,10.698,10.707,10.739,10.637,10.592,10.727,10.906,11.117,10.641,10.647,10.579,-0.904,0.045,0.062,0.046,-0.009,-0.032,0.045,-0.135,-0.179,-0.211,-0.029,0.029,0.062,0.068,7,0.208,2.00E+08
12000,9.471,10.423,10.421,10.387,10.369,10.543,10.570,10.612,10.300,10.316,10.501,10.706,10.935,10.400,10.381,10.381,-0.952,0.002,0.034,0.018,-0.027,-0.042,-0.016,-0.185,-0.205,-0.229,-0.122,-0.042,0.019,0.000,7,0.214,1.55E+08
13000,9.182,10.166,10.198,10.187,10.194,10.400,10.440,10.492,10.012,10.071,10.296,10.523,10.768,10.182,10.144,10.200,-0.984,-0.032,0.011,-0.007,-0.040,-0.052,-0.059,-0.225,-0.227,-0.245,-0.202,-0.104,-0.018,-0.056,7,0.219,1.22E+08
14000,8.931,9.935,9.991,9.999,10.028,10.260,10.314,10.374,9.762,9.848,10.105,10.351,10.609,9.980,9.926,10.029,-1.004,-0.056,-0.008,-0.029,-0.054,-0.060,-0.086,-0.257,-0.246,-0.258,-0.269,-0.155,-0.049,-0.103,7,0.224,9.65E+07
15000,8.711,9.726,9.798,9.825,9.871,10.125,10.190,10.255,9.544,9.643,9.926,10.189,10.458,9.793,9.728,9.868,-1.015,-0.072,-0.027,-0.046,-0.065,-0.065,-0.099,-0.283,-0.263,-0.269,-0.327,-0.199,-0.075,-0.140,7,0.229,7.71E+07
16000,8.520,9.539,9.622,9.665,9.726,9.994,10.069,10.140,9.354,9.460,9.764,10.040,10.316,9.623,9.549,9.720,-1.019,-0.083,-0.043,-0.061,-0.075,-0.071,-0.106,-0.304,-0.276,-0.276,-0.372,-0.230,-0.097,-0.171,7,0.234,6.25E+07
17000,8.355,9.377,9.468,9.525,9.598,9.875,9.958,10.031,9.190,9.299,9.622,9.909,10.191,9.474,9.392,9.589,-1.022,-0.091,-0.057,-0.073,-0.083,-0.073,-0.109,-0.323,-0.287,-0.282,-0.407,-0.253,-0.115,-0.197,7,0.238,5.15E+07
18000,8.230,9.255,9.355,9.424,9.508,9.790,9.881,9.956,9.066,9.180,9.519,9.816,10.102,9.365,9.276,9.497,-1.025,-0.100,-0.069,-0.084,-0.091,-0.075,-0.114,-0.339,-0.297,-0.286,-0.435,-0.271,-0.132,-0.221,7,0.238,6.03E+07
19000,8.105,9.135,9.243,9.323,9.416,9.702,9.798,9.874,8.942,9.062,9.416,9.722,10.012,9.257,9.161,9.403,-1.030,-0.108,-0.080,-0.093,-0.096,-0.076,-0.120,-0.354,-0.306,-0.290,-0.459,-0.286,-0.146,-0.242,7,0.243,5.22E+07
20000,8.009,9.042,9.159,9.247,9.347,9.636,9.734,9.809,8.846,8.972,9.339,9.652,9.944,9.174,9.074,9.332,-1.033,-0.117,-0.088,-0.100,-0.098,-0.075,-0.126,-0.367,-0.313,-0.292,-0.477,-0.297,-0.158,-0.258,7,0.247,4.56E+07
21000,7.954,8.987,9.109,9.201,9.305,9.594,9.691,9.764,8.792,8.918,9.292,9.609,9.903,9.125,9.022,9.289,-1.033,-0.122,-0.092,-0.104,-0.097,-0.073,-0.126,-0.374,-0.317,-0.294,-0.485,-0.302,-0.164,-0.267,7,0.252,4.01E+07
22000,7.906,8.941,9.068,9.162,9.267,9.555,9.649,9.721,8.744,8.873,9.252,9.570,9.864,9.083,8.978,9.251,-1.035,-0.127,-0.094,-0.105,-0.094,-0.072,-0.129,-0.379,-0.318,-0.294,-0.487,-0.303,-0.168,-0.273,7,0.257,3.55E+07
23000,7.841,8.880,9.015,9.111,9.218,9.507,9.599,9.670,8.679,8.815,9.201,9.521,9.816,9.029,8.922,9.201,-1.039,-0.135,-0.096,-0.107,-0.092,-0.071,-0.136,-0.386,-0.320,-0.295,-0.492,-0.306,-0.172,-0.279,7,0.261,3.15E+07
24000,7.749,8.797,8.943,9.043,9.154,9.447,9.540,9.612,8.588,8.737,9.132,9.456,9.753,8.956,8.844,9.136,-1.048,-0.146,-0.100,-0.111,-0.093,-0.072,-0.149,-0.395,-0.324,-0.297,-0.504,-0.315,-0.180,-0.292,7,0.266,2.82E+07
25000,7.647,8.708,8.866,8.968,9.085,9.384,9.479,9.552,8.486,8.652,9.057,9.385,9.686,8.877,8.761,9.066,-1.061,-0.158,-0.102,-0.117,-0.095,-0.073,-0.166,-0.405,-0.328,-0.301,-0.518,-0.327,-0.189,-0.305,7,0.271,2.53E+07
26000,7.547,8.620,8.790,8.895,9.017,9.322,9.419,9.494,8.386,8.569,8.984,9.316,9.620,8.799,8.679,8.996,-1.073,-0.170,-0.105,-0.122,-0.097,-0.075,-0.183,-0.415,-0.332,-0.304,-0.532,-0.338,-0.197,-0.317,7,0.276,2.28E+07
27000,7.449,8.536,8.716,8.824,8.951,9.261,9.360,9.437,8.288,8.488,8.911,9.248,9.554,8.723,8.599,8.928,-1.087,-0.180,-0.108,-0.127,-0.099,-0.077,-0.200,-0.423,-0.337,-0.306,-0.545,-0.350,-0.205,-0.329,7,0.281,2.07E+07
28000,7.354,8.454,8.644,8.754,8.885,9.202,9.302,9.381,8.194,8.410,8.841,9.181,9.490,8.650,8.521,8.861,-1.100,-0.190,-0.110,-0.131,-0.100,-0.079,-0.216,-0.431,-0.340,-0.309,-0.558,-0.361,-0.211,-0.340,7,0.286,1.88E+07
29000,7.262,8.374,8.573,8.686,8.821,9.143,9.246,9.326,8.102,8.334,8.772,9.115,9.428,8.577,8.445,8.796,-1.112,-0.199,-0.113,-0.135,-0.103,-0.080,-0.232,-0.438,-0.343,-0.313,-0.570,-0.371,-0.219,-0.351,7,0.291,1.72E+07
30000,7.172,8.296,8.503,8.619,8.757,9.085,9.189,9.271,8.012,8.259,8.704,9.050,9.366,8.507,8.371,8.731,-1.124,-0.207,-0.116,-0.138,-0.104,-0.082,-0.247,-0.445,-0.346,-0.316,-0.582,-0.381,-0.224,-0.360,7,0.296,1.57E+07
31000,7.083,8.220,8.435,8.552,8.694,9.028,9.134,9.217,7.924,8.186,8.637,8.986,9.304,8.437,8.298,8.668,-1.137,-0.215,-0.117,-0.142,-0.106,-0.083,-0.262,-0.451,-0.349,-0.318,-0.593,-0.391,-0.231,-0.370,7,0.301,1.44E+07
32000,6.997,8.145,8.367,8.487,8.632,8.971,9.078,9.163,7.838,8.114,8.571,8.923,9.244,8.368,8.226,8.604,-1.148,-0.222,-0.120,-0.145,-0.107,-0.085,-0.276,-0.457,-0.352,-0.321,-0.604,-0.400,-0.236,-0.378,7,0.306,1.33E+07
33000,6.912,8.071,8.300,8.422,8.571,8.915,9.024,9.110,7.753,8.043,8.506,8.861,9.184,8.300,8.155,8.542,-1.159,-0.229,-0.122,-0.149,-0.109,-0.086,-0.290,-0.463,-0.355,-0.323,-0.615,-0.409,-0.242,-0.387,7,0.311,1.23E+07
34000,6.829,7.998,8.234,8.358,8.510,8.859,8.970,9.057,7.670,7.972,8.441,8.799,9.125,8.233,8.085,8.481,-1.169,-0.236,-0.124,-0.152,-0.111,-0.087,-0.302,-0.469,-0.358,-0.326,-0.625,-0.418,-0.248,-0.396,7,0.316,1.13E+07
35000,6.746,7.926,8.168,8.295,8.450,8.803,8.916,9.005,7.588,7.903,8.377,8.737,9.066,8.166,8.015,8.419,-1.180,-0.242,-0.127,-0.155,-0.113,-0.089,-0.315,-0.474,-0.360,-0.329,-0.635,-0.426,-0.253,-0.404,7,0.321,1.05E+07
36000,6.665,7.854,8.102,8.231,8.389,8.748,8.862,8.953,7.506,7.833,8.313,8.676,9.007,8.099,7.946,8.358,-1.189,-0.248,-0.129,-0.158,-0.114,-0.091,-0.327,-0.480,-0.363,-0.331,-0.646,-0.435,-0.259,-0.412,7,0.326,9777000
37000,6.583,7.782,8.037,8.168,8.329,8.692,8.808,8.900,7.425,7.764,8.249,8.615,8.948,8.033,7.876,8.297,-1.199,-0.255,-0.131,-0.161,-0.116,-0.092,-0.339,-0.485,-0.366,-0.333,-0.655,-0.443,-0.264,-0.421,7,0.331,9107000
38000,6.500,7.709,7.970,8.104,8.268,8.636,8.754,8.848,7.343,7.693,8.185,8.553,8.888,7.965,7.806,8.235,-1.209,-0.261,-0.134,-0.164,-0.118,-0.094,-0.350,-0.492,-0.368,-0.335,-0.666,-0.451,-0.270,-0.429,7,0.336,8500000
39000,6.417,7.635,7.902,8.038,8.206,8.580,8.699,8.795,7.259,7.622,8.119,8.490,8.828,7.897,7.735,8.173,-1.218,-0.267,-0.136,-0.168,-0.119,-0.096,-0.363,-0.497,-0.371,-0.338,-0.678,-0.461,-0.276,-0.438,7,0.341,7947000
40000,6.331,7.559,7.833,7.971,8.143,8.521,8.643,8.741,7.174,7.548,8.051,8.425,8.766,7.827,7.661,8.108,-1.228,-0.274,-0.138,-0.172,-0.122,-0.098,-0.374,-0.503,-0.374,-0.341,-0.688,-0.470,-0.281,-0.447,7,0.346,7443000
3500,20.226,19.143,17.313,16.183,15.170,14.119,13.643,13.351,21.098,18.271,16.592,15.827,15.382,16.417,17.523,15.362,1.083,1.830,1.130,1.013,0.476,0.292,2.827,1.679,0.765,0.445,3.194,2.473,1.055,2.161,7.5,0.313,5.31E+09
3750,19.269,18.357,16.699,15.693,14.780,13.867,13.446,13.190,20.130,17.561,16.061,15.401,15.032,15.950,16.924,14.960,0.912,1.658,1.006,0.913,0.421,0.256,2.569,1.500,0.660,0.369,2.832,2.194,0.990,1.964,7.5,0.313,4.37E+09
4000,18.409,17.655,16.158,15.262,14.441,13.648,13.274,13.048,19.261,16.930,15.595,15.030,14.728,15.534,16.391,14.608,0.754,1.497,0.896,0.821,0.374,0.226,2.331,1.335,0.565,0.302,2.510,1.947,0.926,1.783,7.5,0.313,3.84E+09
4250,17.628,17.025,15.678,14.881,14.144,13.455,13.123,12.923,18.472,16.366,15.184,14.704,14.461,15.159,15.914,14.298,0.603,1.347,0.797,0.737,0.332,0.200,2.106,1.182,0.480,0.243,2.223,1.729,0.861,1.616,7.5,0.314,3.43E+09
4500,16.915,16.458,15.252,14.544,13.883,13.286,12.989,12.811,17.752,15.860,14.822,14.419,14.228,14.822,15.485,14.025,0.457,1.206,0.708,0.661,0.297,0.178,1.892,1.038,0.403,0.191,1.966,1.536,0.797,1.460,7.5,0.314,3.03E+09
4750,16.262,15.947,14.874,14.246,13.654,13.137,12.870,12.713,17.094,15.406,14.502,14.167,14.022,14.518,15.099,13.784,0.315,1.073,0.628,0.592,0.267,0.157,1.688,0.904,0.335,0.145,1.737,1.365,0.734,1.315,7.5,0.315,2.64E+09
5000,15.662,15.486,14.539,13.983,13.453,13.006,12.766,12.625,16.489,15.000,14.220,13.946,13.842,14.245,14.752,13.572,0.176,0.947,0.556,0.530,0.240,0.141,1.489,0.780,0.274,0.104,1.533,1.214,0.673,1.180,7.5,0.316,2.34E+09
5250,15.112,15.074,14.245,13.751,13.276,12.890,12.673,12.548,15.936,14.638,13.972,13.753,13.684,13.999,14.441,13.385,0.038,0.829,0.494,0.475,0.217,0.125,1.298,0.666,0.219,0.069,1.355,1.082,0.614,1.056,7.5,0.316,2.08E+09
5500,14.621,14.711,13.986,13.547,13.120,12.786,12.589,12.477,15.441,14.319,13.755,13.582,13.543,13.780,14.165,13.220,-0.090,0.725,0.439,0.427,0.197,0.112,1.122,0.564,0.173,0.039,1.200,0.969,0.560,0.945,7.5,0.317,1.83E+09
6000,13.821,14.118,13.553,13.196,12.844,12.593,12.429,12.339,14.640,13.794,13.384,13.283,13.291,13.399,13.698,12.929,-0.297,0.565,0.357,0.352,0.164,0.090,0.846,0.410,0.101,-0.008,0.960,0.791,0.470,0.769,7.5,0.321,1.32E+09
6500,13.218,13.654,13.199,12.900,12.603,12.419,12.284,12.213,14.038,13.375,13.074,13.025,13.069,13.077,13.315,12.677,-0.436,0.455,0.299,0.297,0.135,0.071,0.663,0.301,0.049,-0.044,0.780,0.655,0.400,0.638,7.5,0.323,1.06E+09
7000,12.743,13.273,12.896,12.641,12.389,12.261,12.151,12.097,13.564,13.025,12.805,12.798,12.871,12.797,12.991,12.453,-0.530,0.377,0.255,0.252,0.110,0.054,0.539,0.220,0.007,-0.073,0.635,0.544,0.344,0.538,7.5,0.325,8.90E+08
7500,12.340,12.941,12.626,12.407,12.193,12.114,12.025,11.987,13.161,12.717,12.562,12.590,12.689,12.544,12.702,12.249,-0.601,0.315,0.219,0.214,0.089,0.038,0.444,0.155,-0.028,-0.099,0.512,0.448,0.295,0.453,7.5,0.327,7.56E+08
8000,11.989,12.648,12.385,12.196,12.015,11.979,11.909,11.885,12.811,12.443,12.344,12.401,12.522,12.316,12.444,12.064,-0.659,0.263,0.189,0.181,0.070,0.024,0.368,0.099,-0.057,-0.121,0.406,0.365,0.252,0.380,7.5,0.329,6.47E+08
8500,11.678,12.383,12.160,11.994,11.838,11.841,11.792,11.782,12.501,12.194,12.136,12.217,12.356,12.101,12.205,11.882,-0.705,0.223,0.166,0.156,0.049,0.010,0.307,0.058,-0.081,-0.139,0.319,0.295,0.219,0.323,7.5,0.331,5.57E+08
9000,11.392,12.147,11.970,11.831,11.705,11.743,11.708,11.708,12.216,11.975,11.967,12.074,12.232,11.921,11.999,11.741,-0.755,0.177,0.139,0.126,0.035,0.000,0.241,0.008,-0.107,-0.158,0.227,0.224,0.180,0.258,7.5,0.333,4.83E+08
9500,11.142,11.936,11.793,11.673,11.567,11.633,11.612,11.623,11.967,11.777,11.805,11.930,12.102,11.749,11.809,11.599,-0.794,0.143,0.120,0.106,0.021,-0.011,0.190,-0.028,-0.125,-0.172,0.160,0.172,0.150,0.210,7.5,0.335,4.21E+08
10000,10.914,11.755,11.655,11.560,11.480,11.572,11.560,11.577,11.739,11.612,11.687,11.835,12.023,11.619,11.655,11.506,-0.841,0.100,0.095,0.080,0.012,-0.017,0.127,-0.075,-0.148,-0.188,0.083,0.115,0.113,0.149,7.5,0.337,3.68E+08
11000,10.526,11.431,11.387,11.325,11.278,11.415,11.424,11.455,11.353,11.309,11.445,11.623,11.834,11.359,11.364,11.297,-0.905,0.044,0.062,0.047,-0.009,-0.031,0.044,-0.136,-0.178,-0.211,-0.028,0.030,0.062,0.067,7.5,0.341,2.84E+08
12000,10.204,11.159,11.158,11.124,11.105,11.278,11.304,11.347,11.032,11.053,11.238,11.442,11.670,11.136,11.117,11.117,-0.955,0.001,0.034,0.019,-0.026,-0.043,-0.021,-0.185,-0.204,-0.228,-0.120,-0.040,0.019,0.000,7.5,0.344,2.21E+08
13000,9.930,10.921,10.955,10.943,10.948,11.153,11.193,11.244,10.760,10.827,11.052,11.278,11.522,10.938,10.899,10.955,-0.991,-0.034,0.012,-0.005,-0.040,-0.051,-0.067,-0.225,-0.226,-0.244,-0.198,-0.101,-0.017,-0.056,7.5,0.347,1.72E+08
14000,9.693,10.709,10.767,10.774,10.800,11.031,11.084,11.143,10.524,10.623,10.880,11.124,11.381,10.755,10.701,10.802,-1.016,-0.058,-0.007,-0.026,-0.053,-0.059,-0.099,-0.257,-0.244,-0.257,-0.264,-0.151,-0.047,-0.101,7.5,0.350,1.36E+08
15000,9.486,10.516,10.590,10.615,10.658,10.911,10.974,11.040,10.318,10.436,10.718,10.977,11.245,10.584,10.518,10.656,-1.030,-0.074,-0.025,-0.043,-0.063,-0.066,-0.118,-0.282,-0.259,-0.268,-0.321,-0.193,-0.072,-0.138,7.5,0.353,1.07E+08
16000,9.304,10.343,10.426,10.466,10.522,10.791,10.864,10.935,10.137,10.264,10.566,10.838,11.114,10.425,10.351,10.518,-1.039,-0.083,-0.040,-0.056,-0.073,-0.071,-0.127,-0.302,-0.272,-0.276,-0.365,-0.225,-0.093,-0.167,7.5,0.356,8.56E+07
17000,9.145,10.189,10.278,10.332,10.400,10.678,10.759,10.834,9.979,10.112,10.430,10.713,10.994,10.283,10.202,10.393,-1.044,-0.089,-0.054,-0.068,-0.081,-0.075,-0.133,-0.318,-0.283,-0.281,-0.400,-0.248,-0.110,-0.191,7.5,0.359,6.91E+07
18000,9.006,10.054,10.151,10.217,10.293,10.577,10.665,10.742,9.840,9.980,10.313,10.604,10.890,10.160,10.072,10.285,-1.048,-0.097,-0.066,-0.076,-0.088,-0.077,-0.140,-0.333,-0.291,-0.286,-0.426,-0.264,-0.125,-0.213,7.5,0.363,5.66E+07
19000,8.883,9.938,10.042,10.118,10.204,10.491,10.585,10.664,9.718,9.866,10.213,10.512,10.802,10.055,9.961,10.194,-1.055,-0.104,-0.076,-0.086,-0.094,-0.079,-0.148,-0.347,-0.299,-0.290,-0.449,-0.278,-0.139,-0.233,7.5,0.366,4.70E+07
20000,8.778,9.841,9.953,10.038,10.131,10.422,10.520,10.599,9.614,9.771,10.131,10.437,10.731,9.968,9.868,10.119,-1.063,-0.112,-0.085,-0.093,-0.098,-0.079,-0.157,-0.360,-0.306,-0.294,-0.469,-0.291,-0.151,-0.251,7.5,0.369,3.95E+07
21000,8.699,9.767,9.886,9.978,10.077,10.371,10.472,10.550,9.536,9.699,10.070,10.381,10.679,9.902,9.799,10.064,-1.068,-0.119,-0.092,-0.099,-0.101,-0.078,-0.163,-0.371,-0.311,-0.298,-0.485,-0.301,-0.162,-0.265,7.5,0.372,3.59E+07
22000,8.654,9.724,9.848,9.942,10.045,10.341,10.441,10.518,9.491,9.658,10.034,10.349,10.647,9.864,9.758,10.031,-1.070,-0.124,-0.094,-0.103,-0.100,-0.077,-0.167,-0.376,-0.315,-0.298,-0.493,-0.307,-0.167,-0.273,7.5,0.376,3.24E+07
23000,8.616,9.688,9.817,9.913,10.017,10.314,10.413,10.489,9.454,9.623,10.004,10.321,10.620,9.832,9.725,10.003,-1.072,-0.129,-0.096,-0.104,-0.099,-0.076,-0.169,-0.381,-0.317,-0.299,-0.497,-0.310,-0.171,-0.278,7.5,0.379,2.72E+07
24000,8.569,9.644,9.779,9.877,9.985,10.282,10.380,10.455,9.406,9.581,9.968,10.287,10.588,9.794,9.684,9.969,-1.075,-0.135,-0.098,-0.108,-0.098,-0.075,-0.175,-0.387,-0.319,-0.301,-0.503,-0.314,-0.175,-0.285,7.5,0.382,2.30E+07
25000,8.501,9.582,9.727,9.828,9.940,10.241,10.339,10.414,9.339,9.523,9.918,10.241,10.544,9.741,9.627,9.923,-1.081,-0.145,-0.101,-0.112,-0.098,-0.075,-0.184,-0.395,-0.323,-0.303,-0.514,-0.323,-0.182,-0.296,7.5,0.385,1.99E+07
26000,8.422,9.513,9.667,9.773,9.889,10.195,10.294,10.370,9.261,9.457,9.862,10.189,10.495,9.680,9.562,9.871,-1.091,-0.154,-0.106,-0.116,-0.099,-0.076,-0.196,-0.405,-0.327,-0.306,-0.528,-0.333,-0.191,-0.309,7.5,0.388,1.75E+07
27000,8.339,9.441,9.606,9.715,9.836,10.148,10.248,10.326,9.178,9.389,9.803,10.134,10.443,9.618,9.495,9.817,-1.102,-0.165,-0.109,-0.121,-0.100,-0.078,-0.211,-0.414,-0.331,-0.309,-0.542,-0.345,-0.199,-0.322,7.5,0.391,1.55E+07
28000,8.258,9.370,9.546,9.657,9.784,10.101,10.203,10.282,9.097,9.322,9.745,10.080,10.392,9.556,9.430,9.763,-1.112,-0.176,-0.111,-0.127,-0.102,-0.079,-0.225,-0.423,-0.335,-0.312,-0.555,-0.356,-0.207,-0.333,7.5,0.393,1.39E+07
29000,8.178,9.302,9.487,9.601,9.732,10.054,10.159,10.239,9.018,9.257,9.687,10.027,10.342,9.495,9.365,9.709,-1.124,-0.185,-0.114,-0.131,-0.105,-0.080,-0.239,-0.430,-0.340,-0.315,-0.567,-0.367,-0.214,-0.344,7.5,0.396,1.26E+07
30000,8.100,9.235,9.429,9.545,9.680,10.008,10.114,10.196,8.940,9.194,9.631,9.974,10.291,9.436,9.303,9.657,-1.135,-0.194,-0.116,-0.135,-0.106,-0.082,-0.254,-0.437,-0.343,-0.317,-0.579,-0.377,-0.221,-0.354,7.5,0.399,1.14E+07
31000,8.027,9.172,9.374,9.493,9.631,9.965,10.072,10.156,8.867,9.134,9.578,9.924,10.244,9.380,9.244,9.607,-1.145,-0.202,-0.119,-0.138,-0.107,-0.084,-0.267,-0.444,-0.346,-0.320,-0.591,-0.387,-0.227,-0.363,7.5,0.401,1.86E+07
32000,7.952,9.108,9.318,9.439,9.581,9.920,10.028,10.114,8.793,9.073,9.524,9.873,10.195,9.323,9.183,9.555,-1.156,-0.210,-0.121,-0.142,-0.108,-0.086,-0.280,-0.451,-0.349,-0.322,-0.602,-0.396,-0.232,-0.372,7.5,0.404,1.74E+07
33000,7.878,9.045,9.262,9.385,9.530,9.874,9.984,10.071,8.719,9.013,9.469,9.821,10.146,9.265,9.122,9.504,-1.167,-0.217,-0.123,-0.145,-0.110,-0.087,-0.294,-0.456,-0.352,-0.325,-0.612,-0.405,-0.239,-0.382,7.5,0.407,1.63E+07
34000,7.806,8.982,9.207,9.332,9.480,9.829,9.941,10.029,8.647,8.953,9.415,9.770,10.097,9.209,9.063,9.453,-1.176,-0.225,-0.125,-0.148,-0.112,-0.088,-0.306,-0.462,-0.355,-0.327,-0.622,-0.414,-0.244,-0.390,7.5,0.410,1.53E+07
35000,7.735,8.921,9.152,9.279,9.431,9.784,9.898,9.987,8.576,8.895,9.362,9.719,10.049,9.153,9.005,9.402,-1.186,-0.231,-0.127,-0.152,-0.114,-0.089,-0.319,-0.467,-0.357,-0.330,-0.632,-0.422,-0.249,-0.397,7.5,0.413,1.44E+07
36000,7.660,8.855,9.093,9.222,9.377,9.735,9.850,9.941,8.502,8.832,9.305,9.665,9.996,9.093,8.942,9.348,-1.195,-0.238,-0.129,-0.155,-0.115,-0.091,-0.330,-0.473,-0.360,-0.331,-0.642,-0.430,-0.255,-0.406,7.5,0.417,1.33E+07
37000,7.590,8.794,9.038,9.169,9.327,9.690,9.806,9.899,8.432,8.773,9.252,9.614,9.948,9.038,8.883,9.297,-1.204,-0.244,-0.131,-0.158,-0.116,-0.093,-0.341,-0.479,-0.362,-0.334,-0.652,-0.438,-0.259,-0.414,7.5,0.420,1.25E+07
38000,7.520,8.733,8.983,9.116,9.277,9.645,9.763,9.857,8.362,8.714,9.198,9.563,9.899,8.982,8.825,9.247,-1.213,-0.250,-0.133,-0.161,-0.118,-0.094,-0.352,-0.484,-0.365,-0.336,-0.662,-0.447,-0.265,-0.422,7.5,0.423,1.18E+07
39000,7.449,8.671,8.927,9.063,9.227,9.599,9.719,9.814,8.291,8.655,9.144,9.512,9.850,8.925,8.765,9.195,-1.222,-0.256,-0.136,-0.164,-0.120,-0.095,-0.364,-0.489,-0.368,-0.338,-0.672,-0.455,-0.270,-0.430,7.5,0.426,1.12E+07
40000,7.377,8.607,8.870,9.007,9.175,9.551,9.673,9.771,8.219,8.593,9.088,9.459,9.799,8.867,8.704,9.142,-1.230,-0.263,-0.137,-0.168,-0.122,-0.098,-0.374,-0.495,-0.371,-0.340,-0.681,-0.463,-0.275,-0.438,7.5,0.429,1.06E+07
3500,20.240,19.334,17.699,16.692,15.759,14.764,14.290,13.993,21.101,18.549,17.065,16.392,15.994,16.939,17.923,15.940,0.906,1.635,1.007,0.933,0.474,0.297,2.552,1.484,0.673,0.398,2.935,2.301,0.999,1.983,8,0.569,9.36E+09
3750,19.341,18.604,17.129,16.229,15.386,14.515,14.094,13.833,20.192,17.890,16.567,15.986,15.656,16.491,17.360,15.555,0.737,1.475,0.900,0.843,0.421,0.261,2.302,1.323,0.581,0.330,2.614,2.052,0.936,1.805,8,0.569,8.88E+09
4000,18.543,17.960,16.629,15.823,15.060,14.298,13.922,13.691,19.386,17.310,16.133,15.633,15.361,16.092,16.862,15.218,0.583,1.331,0.806,0.763,0.376,0.231,2.076,1.177,0.500,0.272,2.331,1.835,0.874,1.644,8,0.569,8.34E+09
4250,17.820,17.383,16.185,15.462,14.772,14.105,13.769,13.564,18.656,16.790,15.747,15.320,15.100,15.732,16.414,14.918,0.437,1.198,0.723,0.690,0.336,0.205,1.866,1.043,0.427,0.220,2.080,1.642,0.814,1.496,8,0.569,7.75E+09
4500,17.176,16.872,15.795,15.144,14.520,13.935,13.633,13.451,18.007,16.332,15.409,15.046,14.871,15.412,16.016,14.655,0.304,1.077,0.651,0.624,0.302,0.182,1.675,0.923,0.363,0.175,1.860,1.474,0.757,1.361,8,0.570,7.17E+09
4750,16.592,16.413,15.446,14.861,14.294,13.783,13.511,13.349,17.419,15.920,15.107,14.802,14.667,15.121,15.657,14.420,0.179,0.967,0.585,0.567,0.272,0.162,1.499,0.813,0.305,0.135,1.663,1.324,0.701,1.237,8,0.570,6.61E+09
5000,16.064,16.002,15.134,14.607,14.094,13.647,13.402,13.257,16.887,15.551,14.839,14.584,14.485,14.858,15.334,14.210,0.062,0.868,0.527,0.513,0.245,0.145,1.336,0.712,0.255,0.099,1.487,1.192,0.648,1.124,8,0.570,5.98E+09
5250,15.583,15.631,14.856,14.380,13.914,13.525,13.303,13.174,16.404,15.219,14.598,14.390,14.322,14.620,15.041,14.022,-0.048,0.775,0.476,0.466,0.222,0.129,1.185,0.621,0.208,0.068,1.331,1.073,0.598,1.019,8,0.571,5.02E+09
5500,15.147,15.298,14.607,14.177,13.754,13.416,13.215,13.100,15.967,14.922,14.384,14.216,14.176,14.404,14.777,13.853,-0.151,0.691,0.430,0.423,0.201,0.115,1.045,0.538,0.168,0.040,1.191,0.968,0.551,0.924,8,0.572,3.96E+09
6000,14.412,14.737,14.185,13.831,13.478,13.224,13.058,12.967,15.232,14.419,14.019,13.918,13.925,14.030,14.325,13.563,-0.325,0.552,0.354,0.353,0.166,0.091,0.813,0.400,0.101,-0.007,0.961,0.795,0.467,0.762,8,0.573,2.55E+09
6500,13.837,14.287,13.837,13.539,13.241,13.054,12.918,12.846,14.657,14.010,13.713,13.664,13.707,13.714,13.951,13.315,-0.450,0.450,0.298,0.298,0.136,0.072,0.647,0.297,0.049,-0.043,0.783,0.659,0.399,0.636,8,0.575,1.99E+09
7000,13.370,13.911,13.538,13.284,13.031,12.901,12.789,12.734,14.191,13.664,13.447,13.440,13.513,13.438,13.631,13.095,-0.541,0.373,0.254,0.253,0.112,0.055,0.527,0.217,0.007,-0.073,0.637,0.546,0.343,0.536,8,0.576,1.65E+09
7500,12.974,13.583,13.273,13.054,12.840,12.759,12.669,12.630,13.795,13.361,13.209,13.237,13.335,13.191,13.347,12.896,-0.609,0.310,0.219,0.214,0.090,0.039,0.434,0.152,-0.028,-0.098,0.514,0.450,0.295,0.451,8,0.577,1.39E+09
8000,12.628,13.294,13.035,12.847,12.666,12.628,12.558,12.532,13.450,13.092,12.995,13.053,13.173,12.966,13.093,12.715,-0.666,0.259,0.188,0.181,0.070,0.026,0.358,0.097,-0.058,-0.120,0.407,0.367,0.251,0.378,8,0.578,1.18E+09
8500,12.316,13.030,12.816,12.655,12.504,12.508,12.457,12.445,13.139,12.845,12.796,12.881,13.022,12.758,12.858,12.546,-0.714,0.214,0.161,0.151,0.051,0.012,0.294,0.049,-0.085,-0.141,0.308,0.288,0.212,0.312,8,0.579,1.01E+09
9000,12.038,12.803,12.635,12.501,12.378,12.414,12.377,12.375,12.862,12.635,12.636,12.747,12.906,12.587,12.661,12.414,-0.765,0.168,0.134,0.123,0.037,0.002,0.227,-0.001,-0.111,-0.159,0.221,0.222,0.173,0.247,8,0.580,8.70E+08
9500,11.794,12.590,12.449,12.331,12.228,12.296,12.275,12.284,12.619,12.432,12.463,12.590,12.764,12.407,12.465,12.259,-0.796,0.141,0.118,0.103,0.021,-0.009,0.187,-0.031,-0.127,-0.174,0.153,0.167,0.148,0.206,8,0.581,7.56E+08
10000,11.572,12.414,12.315,12.220,12.140,12.232,12.220,12.237,12.397,12.272,12.347,12.495,12.683,12.279,12.315,12.166,-0.842,0.099,0.095,0.080,0.012,-0.017,0.125,-0.075,-0.148,-0.188,0.083,0.115,0.113,0.149,8,0.582,6.62E+08
11000,11.191,12.097,12.053,11.991,11.944,12.080,12.088,12.119,12.018,11.975,12.111,12.289,12.499,12.024,12.030,11.962,-0.906,0.044,0.062,0.047,-0.008,-0.031,0.043,-0.136,-0.178,-0.210,-0.027,0.031,0.062,0.068,8,0.584,5.14E+08
12000,10.874,11.831,11.832,11.797,11.777,11.951,11.976,12.019,11.702,11.726,11.912,12.114,12.343,11.809,11.790,11.790,-0.957,-0.001,0.035,0.020,-0.025,-0.043,-0.024,-0.186,-0.202,-0.229,-0.119,-0.039,0.019,0.000,8,0.586,4.06E+08
13000,10.606,11.602,11.637,11.625,11.629,11.833,11.873,11.924,11.435,11.509,11.735,11.959,12.203,11.619,11.581,11.636,-0.996,-0.035,0.012,-0.004,-0.040,-0.051,-0.074,-0.226,-0.224,-0.244,-0.196,-0.098,-0.017,-0.055,8,0.588,3.25E+08
14000,10.374,11.400,11.460,11.467,11.490,11.721,11.773,11.831,11.205,11.315,11.573,11.815,12.072,11.446,11.392,11.493,-1.026,-0.060,-0.007,-0.023,-0.052,-0.058,-0.110,-0.258,-0.242,-0.257,-0.261,-0.148,-0.047,-0.101,8,0.590,2.62E+08
15000,10.172,11.217,11.293,11.318,11.358,11.610,11.673,11.737,11.003,11.138,11.421,11.678,11.945,11.285,11.219,11.357,-1.045,-0.076,-0.025,-0.040,-0.063,-0.064,-0.135,-0.283,-0.257,-0.267,-0.317,-0.189,-0.072,-0.138,8,0.592,2.12E+08
16000,9.994,11.050,11.137,11.176,11.229,11.498,11.570,11.641,10.826,10.974,11.277,11.546,11.821,11.134,11.059,11.226,-1.056,-0.087,-0.039,-0.053,-0.072,-0.071,-0.148,-0.303,-0.269,-0.275,-0.361,-0.221,-0.092,-0.167,8,0.594,1.73E+08
17000,9.837,10.901,10.993,11.045,11.108,11.388,11.468,11.543,10.669,10.826,11.143,11.422,11.703,10.996,10.913,11.103,-1.064,-0.092,-0.052,-0.063,-0.080,-0.075,-0.157,-0.317,-0.279,-0.281,-0.395,-0.245,-0.107,-0.190,8,0.595,1.41E+08
18000,9.698,10.769,10.865,10.929,11.000,11.286,11.373,11.451,10.532,10.696,11.026,11.312,11.598,10.873,10.785,10.994,-1.071,-0.096,-0.064,-0.071,-0.087,-0.078,-0.164,-0.330,-0.286,-0.286,-0.421,-0.260,-0.121,-0.209,8,0.597,1.15E+08
19000,9.576,10.654,10.756,10.830,10.908,11.198,11.290,11.370,10.410,10.583,10.926,11.218,11.508,10.768,10.674,10.901,-1.078,-0.102,-0.074,-0.078,-0.092,-0.080,-0.173,-0.343,-0.292,-0.290,-0.442,-0.272,-0.133,-0.227,8,0.599,9.40E+07
20000,9.468,10.555,10.665,10.747,10.832,11.125,11.221,11.301,10.303,10.487,10.841,11.141,11.434,10.678,10.580,10.824,-1.087,-0.110,-0.082,-0.085,-0.096,-0.080,-0.184,-0.354,-0.300,-0.293,-0.460,-0.284,-0.146,-0.244,8,0.600,7.63E+07
21000,9.377,10.472,10.590,10.679,10.770,11.067,11.166,11.247,10.213,10.406,10.772,11.077,11.374,10.605,10.501,10.761,-1.095,-0.118,-0.089,-0.091,-0.099,-0.081,-0.193,-0.366,-0.305,-0.297,-0.477,-0.295,-0.156,-0.260,8,0.602,6.17E+07
22000,9.307,10.408,10.533,10.628,10.725,11.025,11.126,11.207,10.143,10.345,10.720,11.030,11.330,10.549,10.441,10.714,-1.101,-0.125,-0.095,-0.097,-0.101,-0.081,-0.202,-0.375,-0.310,-0.300,-0.492,-0.305,-0.165,-0.273,8,0.604,4.97E+07
23000,9.265,10.370,10.499,10.597,10.697,11.000,11.101,11.182,10.101,10.308,10.689,11.002,11.304,10.515,10.405,10.685,-1.105,-0.129,-0.098,-0.100,-0.101,-0.081,-0.207,-0.381,-0.313,-0.302,-0.501,-0.311,-0.170,-0.280,8,0.606,3.99E+07
24000,9.232,10.340,10.474,10.573,10.676,10.980,11.081,11.162,10.069,10.279,10.664,10.979,11.283,10.489,10.378,10.663,-1.108,-0.134,-0.099,-0.103,-0.101,-0.081,-0.210,-0.385,-0.315,-0.304,-0.506,-0.316,-0.174,-0.285,8,0.607,3.21E+07
25000,9.194,10.305,10.443,10.545,10.651,10.956,11.058,11.138,10.031,10.246,10.636,10.953,11.258,10.459,10.345,10.637,-1.111,-0.138,-0.102,-0.106,-0.102,-0.080,-0.215,-0.390,-0.317,-0.305,-0.513,-0.320,-0.178,-0.292,8,0.609,2.60E+07
26000,9.143,10.259,10.404,10.509,10.618,10.927,11.029,11.109,9.980,10.202,10.599,10.920,11.227,10.419,10.303,10.603,-1.116,-0.145,-0.105,-0.109,-0.102,-0.080,-0.222,-0.397,-0.321,-0.307,-0.523,-0.328,-0.184,-0.300,8,0.611,2.13E+07
27000,9.082,10.204,10.358,10.466,10.580,10.893,10.996,11.076,9.919,10.150,10.555,10.880,11.190,10.372,10.252,10.564,-1.122,-0.154,-0.108,-0.114,-0.103,-0.080,-0.231,-0.405,-0.325,-0.310,-0.535,-0.338,-0.192,-0.312,8,0.613,1.76E+07
28000,9.014,10.144,10.307,10.419,10.538,10.856,10.960,11.041,9.852,10.094,10.507,10.837,11.149,10.321,10.197,10.521,-1.130,-0.163,-0.112,-0.119,-0.104,-0.081,-0.242,-0.413,-0.330,-0.312,-0.549,-0.349,-0.200,-0.324,8,0.614,1.48E+07
29000,8.944,10.083,10.255,10.370,10.495,10.818,10.923,11.006,9.783,10.035,10.458,10.792,11.107,10.268,10.140,10.475,-1.139,-0.172,-0.115,-0.125,-0.105,-0.083,-0.252,-0.423,-0.334,-0.315,-0.563,-0.360,-0.207,-0.335,8,0.616,1.26E+07
30000,8.873,10.022,10.203,10.320,10.450,10.779,10.886,10.969,9.712,9.978,10.407,10.746,11.064,10.214,10.083,10.429,-1.149,-0.181,-0.117,-0.130,-0.107,-0.083,-0.266,-0.429,-0.339,-0.318,-0.576,-0.372,-0.215,-0.346,8,0.618,1.08E+07
31000,8.807,9.964,10.154,10.274,10.408,10.742,10.851,10.935,9.646,9.924,10.361,10.702,11.023,10.164,10.029,10.386,-1.157,-0.190,-0.120,-0.134,-0.109,-0.084,-0.278,-0.437,-0.341,-0.321,-0.588,-0.381,-0.222,-0.357,8,0.618,1.40E+07
32000,8.738,9.906,10.104,10.226,10.363,10.702,10.812,10.898,9.578,9.868,10.311,10.656,10.979,10.112,9.974,10.340,-1.168,-0.198,-0.122,-0.137,-0.110,-0.086,-0.290,-0.443,-0.345,-0.323,-0.598,-0.391,-0.228,-0.366,8,0.620,1.28E+07
33000,8.671,9.848,10.054,10.178,10.319,10.663,10.774,10.862,9.511,9.813,10.263,10.611,10.936,10.061,9.920,10.295,-1.177,-0.206,-0.124,-0.141,-0.111,-0.088,-0.302,-0.450,-0.348,-0.325,-0.609,-0.400,-0.234,-0.375,8,0.621,1.18E+07
34000,8.604,9.791,10.004,10.130,10.274,10.623,10.736,10.825,9.444,9.759,10.215,10.565,10.893,10.010,9.866,10.249,-1.187,-0.213,-0.126,-0.144,-0.113,-0.089,-0.315,-0.456,-0.350,-0.328,-0.619,-0.408,-0.239,-0.383,8,0.623,1.09E+07
35000,8.540,9.735,9.955,10.083,10.231,10.584,10.699,10.789,9.380,9.706,10.167,10.521,10.851,9.960,9.813,10.205,-1.195,-0.220,-0.128,-0.148,-0.115,-0.090,-0.326,-0.461,-0.354,-0.330,-0.629,-0.417,-0.245,-0.392,8,0.624,1.02E+07
36000,8.476,9.680,9.907,10.037,10.187,10.545,10.661,10.753,9.316,9.653,10.120,10.476,10.808,9.911,9.761,10.161,-1.204,-0.227,-0.130,-0.150,-0.116,-0.092,-0.337,-0.467,-0.356,-0.332,-0.638,-0.425,-0.250,-0.400,8,0.626,9505000
37000,8.413,9.625,9.859,9.990,10.144,10.506,10.624,10.717,9.253,9.601,10.073,10.432,10.766,9.861,9.709,10.116,-1.212,-0.234,-0.131,-0.154,-0.118,-0.093,-0.348,-0.472,-0.359,-0.334,-0.647,-0.433,-0.255,-0.407,8,0.628,8936000
38000,8.350,9.570,9.810,9.944,10.101,10.467,10.587,10.681,9.191,9.549,10.027,10.388,10.724,9.812,9.657,10.072,-1.220,-0.240,-0.134,-0.157,-0.120,-0.094,-0.358,-0.478,-0.361,-0.336,-0.657,-0.440,-0.260,-0.415,8,0.629,8435000
39000,8.287,9.516,9.762,9.898,10.057,10.428,10.549,10.645,9.129,9.497,9.980,10.343,10.682,9.763,9.605,10.028,-1.229,-0.246,-0.136,-0.159,-0.121,-0.096,-0.368,-0.483,-0.363,-0.339,-0.666,-0.448,-0.265,-0.423,8,0.631,7990000
40000,8.225,9.461,9.713,9.851,10.014,10.389,10.512,10.609,9.066,9.444,9.932,10.299,10.639,9.713,9.553,9.983,-1.236,-0.252,-0.138,-0.163,-0.123,-0.097,-0.378,-0.488,-0.367,-0.340,-0.676,-0.457,-0.270,-0.430,8,0.633,7592000
3500,20.562,19.836,18.347,17.409,16.518,15.544,15.069,14.769,21.412,19.120,17.764,17.138,16.762,17.658,18.572,16.693,0.726,1.489,0.938,0.891,0.475,0.300,2.292,1.356,0.626,0.376,2.803,2.220,0.965,1.879,8.5,0.898,8.53E+09
3750,19.713,19.146,17.801,16.960,16.152,15.297,14.874,14.609,20.555,18.493,17.284,16.743,16.430,17.219,18.028,16.316,0.567,1.345,0.841,0.808,0.423,0.265,2.062,1.209,0.541,0.313,2.504,1.987,0.903,1.712,8.5,0.898,8.34E+09
4000,18.963,18.538,17.323,16.566,15.833,15.081,14.702,14.468,19.799,17.942,16.865,16.398,16.139,16.829,17.548,15.986,0.425,1.215,0.757,0.733,0.379,0.234,1.857,1.077,0.467,0.259,2.242,1.784,0.843,1.562,8.5,0.898,8.14E+09
4250,18.295,18.000,16.901,16.217,15.550,14.889,14.550,14.341,19.126,17.454,16.494,16.093,15.883,16.480,17.120,15.693,0.295,1.099,0.684,0.667,0.339,0.209,1.672,0.960,0.401,0.210,2.012,1.605,0.787,1.427,8.5,0.898,7.91E+09
4500,17.697,17.519,16.525,15.907,15.300,14.718,14.412,14.226,18.524,17.018,16.165,15.822,15.654,16.166,16.736,15.432,0.178,0.994,0.618,0.607,0.306,0.186,1.506,0.853,0.343,0.168,1.807,1.447,0.734,1.304,8.5,0.899,7.66E+09
4750,17.160,17.090,16.191,15.630,15.076,14.565,14.289,14.123,17.985,16.629,15.872,15.581,15.450,15.881,16.391,15.199,0.070,0.899,0.561,0.554,0.276,0.166,1.356,0.757,0.291,0.131,1.626,1.307,0.682,1.192,8.5,0.899,7.37E+09
5000,16.676,16.704,15.890,15.380,14.875,14.426,14.177,14.029,17.498,16.278,15.608,15.364,15.267,15.623,16.079,14.990,-0.028,0.814,0.510,0.505,0.249,0.148,1.220,0.670,0.244,0.097,1.464,1.182,0.633,1.089,8.5,0.899,7.08E+09
5250,16.239,16.357,15.620,15.156,14.695,14.302,14.076,13.944,17.060,15.964,15.372,15.170,15.102,15.389,15.797,14.801,-0.118,0.737,0.464,0.461,0.226,0.132,1.096,0.592,0.202,0.068,1.318,1.070,0.588,0.996,8.5,0.899,6.75E+09
5500,15.842,16.042,15.377,14.954,14.532,14.188,13.984,13.866,16.662,15.678,15.159,14.994,14.953,15.175,15.541,14.631,-0.200,0.665,0.423,0.422,0.204,0.118,0.984,0.519,0.165,0.041,1.189,0.971,0.544,0.910,8.5,0.899,6.30E+09
6000,15.155,15.500,14.957,14.604,14.250,13.992,13.824,13.731,15.975,15.186,14.792,14.691,14.696,14.802,15.095,14.335,-0.345,0.543,0.353,0.354,0.168,0.093,0.789,0.394,0.101,-0.005,0.965,0.800,0.467,0.760,8.5,0.900,5.28E+09
6500,14.596,15.055,14.609,14.310,14.012,13.823,13.685,13.612,15.416,14.780,14.485,14.435,14.477,14.485,14.722,14.086,-0.459,0.446,0.299,0.298,0.138,0.073,0.636,0.295,0.050,-0.042,0.786,0.662,0.399,0.636,8.5,0.900,4.38E+09
7000,14.134,14.680,14.310,14.055,13.802,13.671,13.558,13.503,14.955,14.435,14.219,14.211,14.284,14.210,14.402,13.867,-0.546,0.370,0.255,0.253,0.113,0.055,0.520,0.216,0.008,-0.073,0.639,0.548,0.343,0.535,8.5,0.901,3.69E+09
7500,13.741,14.356,14.048,13.830,13.615,13.533,13.442,13.401,14.563,14.135,13.985,14.012,14.110,13.965,14.121,13.671,-0.615,0.308,0.218,0.215,0.091,0.041,0.428,0.150,-0.027,-0.098,0.515,0.452,0.294,0.450,8.5,0.901,3.18E+09
8000,13.397,14.069,13.813,13.626,13.444,13.405,13.333,13.307,14.220,13.868,13.774,13.831,13.951,13.744,13.869,13.493,-0.672,0.256,0.187,0.182,0.072,0.026,0.352,0.094,-0.057,-0.120,0.408,0.369,0.251,0.376,8.5,0.902,2.74E+09
8500,13.091,13.807,13.592,13.429,13.276,13.279,13.228,13.215,13.914,13.622,13.570,13.653,13.794,13.533,13.634,13.318,-0.716,0.215,0.163,0.153,0.051,0.013,0.292,0.052,-0.083,-0.141,0.313,0.291,0.215,0.316,8.5,0.902,2.36E+09
9000,12.811,13.575,13.405,13.270,13.147,13.184,13.147,13.144,13.635,13.406,13.405,13.515,13.675,13.357,13.432,13.183,-0.764,0.170,0.135,0.123,0.037,0.003,0.229,0.001,-0.110,-0.160,0.221,0.221,0.174,0.249,8.5,0.903,2.02E+09
9500,12.566,13.375,13.246,13.133,13.032,13.097,13.073,13.079,13.391,13.222,13.263,13.394,13.568,13.204,13.257,13.063,-0.809,0.129,0.113,0.101,0.024,-0.006,0.169,-0.041,-0.131,-0.174,0.149,0.166,0.141,0.194,8.5,0.903,1.73E+09
10000,12.347,13.191,13.093,12.999,12.918,13.010,12.997,13.013,13.172,13.049,13.125,13.274,13.461,13.057,13.092,12.944,-0.844,0.098,0.094,0.081,0.013,-0.016,0.123,-0.076,-0.149,-0.187,0.083,0.115,0.113,0.148,8.5,0.903,1.47E+09
11000,11.967,12.874,12.832,12.769,12.722,12.858,12.867,12.897,12.795,12.753,12.889,13.068,13.278,12.803,12.808,12.741,-0.907,0.042,0.063,0.047,-0.009,-0.030,0.042,-0.136,-0.179,-0.210,-0.026,0.031,0.062,0.067,8.5,0.904,1.06E+09
12000,11.652,12.611,12.613,12.578,12.558,12.731,12.757,12.799,12.481,12.505,12.693,12.895,13.124,12.590,12.570,12.570,-0.959,-0.002,0.035,0.020,-0.026,-0.042,-0.024,-0.188,-0.202,-0.229,-0.118,-0.038,0.020,0.000,8.5,0.905,8.20E+08
13000,11.385,12.386,12.423,12.411,12.413,12.617,12.656,12.707,12.215,12.293,12.521,12.743,12.987,12.404,12.365,12.420,-1.001,-0.037,0.012,-0.002,-0.039,-0.051,-0.078,-0.228,-0.222,-0.244,-0.194,-0.096,-0.016,-0.055,8.5,0.906,6.68E+08
14000,11.156,12.188,12.251,12.259,12.280,12.511,12.561,12.619,11.986,12.104,12.366,12.605,12.862,12.237,12.182,12.284,-1.032,-0.063,-0.008,-0.021,-0.050,-0.058,-0.118,-0.262,-0.239,-0.257,-0.260,-0.145,-0.047,-0.102,8.5,0.907,5.52E+08
15000,10.956,12.011,12.092,12.117,12.154,12.406,12.467,12.531,11.786,11.934,12.220,12.475,12.742,12.083,12.015,12.154,-1.055,-0.081,-0.025,-0.037,-0.061,-0.064,-0.148,-0.286,-0.255,-0.267,-0.314,-0.186,-0.071,-0.139,8.5,0.908,4.59E+08
16000,10.779,11.850,11.942,11.981,12.031,12.301,12.371,12.441,11.610,11.776,12.082,12.349,12.624,11.937,11.860,12.029,-1.071,-0.092,-0.039,-0.050,-0.070,-0.070,-0.166,-0.306,-0.267,-0.275,-0.359,-0.219,-0.092,-0.169,8.5,0.908,3.85E+08
17000,10.620,11.702,11.800,11.851,11.911,12.194,12.273,12.348,11.453,11.631,11.951,12.226,12.508,11.800,11.717,11.908,-1.082,-0.098,-0.051,-0.060,-0.079,-0.075,-0.178,-0.320,-0.275,-0.282,-0.394,-0.243,-0.108,-0.191,8.5,0.909,3.26E+08
18000,10.479,11.569,11.670,11.732,11.799,12.089,12.175,12.255,11.312,11.499,11.830,12.112,12.398,11.675,11.586,11.795,-1.090,-0.101,-0.062,-0.067,-0.086,-0.080,-0.187,-0.331,-0.282,-0.286,-0.419,-0.259,-0.120,-0.209,8.5,0.910,2.78E+08
19000,10.353,11.451,11.555,11.628,11.700,11.994,12.085,12.167,11.186,11.382,11.725,12.012,12.301,11.565,11.471,11.695,-1.098,-0.104,-0.073,-0.072,-0.091,-0.082,-0.196,-0.343,-0.287,-0.289,-0.439,-0.269,-0.130,-0.224,8.5,0.911,2.38E+08
20000,10.240,11.348,11.458,11.539,11.616,11.913,12.007,12.090,11.074,11.281,11.634,11.927,12.220,11.470,11.372,11.611,-1.108,-0.110,-0.081,-0.077,-0.094,-0.083,-0.207,-0.353,-0.293,-0.293,-0.455,-0.279,-0.141,-0.239,8.5,0.912,2.04E+08
21000,10.141,11.258,11.375,11.463,11.547,11.846,11.944,12.026,10.975,11.194,11.558,11.856,12.152,11.389,11.286,11.540,-1.117,-0.117,-0.088,-0.084,-0.098,-0.082,-0.219,-0.364,-0.298,-0.296,-0.471,-0.288,-0.151,-0.254,8.5,0.912,1.76E+08
22000,10.055,11.181,11.307,11.400,11.490,11.793,11.893,11.976,10.890,11.120,11.494,11.798,12.097,11.321,11.213,11.482,-1.126,-0.126,-0.093,-0.090,-0.100,-0.083,-0.230,-0.374,-0.304,-0.299,-0.486,-0.299,-0.161,-0.269,8.5,0.913,1.52E+08
23000,9.987,11.120,11.253,11.351,11.446,11.753,11.855,11.938,10.822,11.062,11.444,11.752,12.054,11.268,11.156,11.437,-1.133,-0.133,-0.098,-0.095,-0.102,-0.083,-0.240,-0.382,-0.308,-0.302,-0.500,-0.309,-0.169,-0.281,8.5,0.914,1.32E+08
24000,9.941,11.078,11.217,11.318,11.417,11.727,11.830,11.914,10.776,11.022,11.410,11.722,12.026,11.232,11.117,11.406,-1.137,-0.139,-0.101,-0.099,-0.103,-0.084,-0.246,-0.388,-0.312,-0.304,-0.510,-0.317,-0.174,-0.289,8.5,0.915,1.15E+08
25000,9.910,11.050,11.192,11.296,11.397,11.709,11.812,11.896,10.746,10.995,11.387,11.701,12.007,11.207,11.091,11.386,-1.140,-0.142,-0.104,-0.101,-0.103,-0.084,-0.249,-0.392,-0.314,-0.306,-0.517,-0.322,-0.179,-0.295,8.5,0.916,9.95E+07
26000,9.877,11.021,11.167,11.273,11.376,11.691,11.794,11.879,10.713,10.967,11.364,11.680,11.987,11.182,11.064,11.365,-1.144,-0.146,-0.106,-0.103,-0.103,-0.085,-0.254,-0.397,-0.316,-0.307,-0.524,-0.327,-0.183,-0.301,8.5,0.916,8.62E+07
27000,9.837,10.986,11.137,11.244,11.352,11.669,11.773,11.857,10.674,10.933,11.335,11.654,11.963,11.151,11.031,11.339,-1.149,-0.151,-0.107,-0.108,-0.104,-0.084,-0.259,-0.402,-0.319,-0.309,-0.532,-0.334,-0.188,-0.308,8.5,0.917,7.46E+07
28000,9.790,10.943,11.100,11.211,11.322,11.643,11.748,11.833,10.626,10.893,11.301,11.624,11.935,11.115,10.992,11.308,-1.153,-0.157,-0.111,-0.111,-0.105,-0.085,-0.267,-0.408,-0.323,-0.311,-0.543,-0.342,-0.193,-0.316,8.5,0.918,6.43E+07
29000,9.735,10.895,11.059,11.173,11.289,11.614,11.721,11.806,10.573,10.847,11.263,11.589,11.903,11.073,10.947,11.274,-1.160,-0.164,-0.114,-0.116,-0.107,-0.085,-0.274,-0.416,-0.326,-0.314,-0.555,-0.351,-0.201,-0.327,8.5,0.919,5.53E+07
30000,9.676,10.843,11.014,11.133,11.253,11.583,11.691,11.777,10.514,10.797,11.221,11.552,11.869,11.028,10.898,11.237,-1.167,-0.171,-0.119,-0.120,-0.108,-0.086,-0.283,-0.424,-0.331,-0.317,-0.569,-0.362,-0.209,-0.339,8.5,0.920,4.72E+07
31000,9.612,10.786,10.965,11.087,11.213,11.548,11.657,11.744,10.450,10.743,11.174,11.509,11.829,10.979,10.845,11.195,-1.174,-0.179,-0.122,-0.126,-0.109,-0.087,-0.293,-0.431,-0.335,-0.320,-0.583,-0.374,-0.216,-0.350,8.5,0.923,4.21E+07
32000,9.548,10.730,10.918,11.042,11.172,11.513,11.624,11.712,10.387,10.691,11.129,11.468,11.791,10.930,10.793,11.153,-1.182,-0.188,-0.124,-0.130,-0.111,-0.088,-0.304,-0.438,-0.339,-0.323,-0.595,-0.384,-0.223,-0.360,8.5,0.924,3.46E+07
33000,9.485,10.675,10.871,10.997,11.131,11.476,11.589,11.678,10.324,10.639,11.083,11.426,11.751,10.882,10.742,11.111,-1.190,-0.196,-0.126,-0.134,-0.113,-0.089,-0.315,-0.444,-0.343,-0.325,-0.605,-0.393,-0.229,-0.369,8.5,0.925,2.84E+07
34000,9.423,10.621,10.824,10.952,11.090,11.440,11.554,11.644,10.262,10.587,11.038,11.383,11.711,10.834,10.691,11.069,-1.198,-0.203,-0.128,-0.138,-0.114,-0.090,-0.325,-0.451,-0.345,-0.328,-0.616,-0.402,-0.235,-0.378,8.5,0.926,2.34E+07
35000,9.360,10.566,10.777,10.907,11.049,11.403,11.518,11.610,10.199,10.535,10.992,11.341,11.670,10.786,10.640,11.026,-1.206,-0.211,-0.130,-0.142,-0.115,-0.092,-0.336,-0.457,-0.349,-0.329,-0.626,-0.411,-0.240,-0.386,8.5,0.926,1.93E+07
36000,9.299,10.514,10.732,10.864,11.008,11.367,11.484,11.577,10.139,10.486,10.948,11.299,11.631,10.739,10.590,10.985,-1.215,-0.218,-0.132,-0.144,-0.117,-0.093,-0.347,-0.462,-0.351,-0.332,-0.635,-0.419,-0.246,-0.395,8.5,0.927,1.62E+07
37000,9.240,10.462,10.686,10.820,10.968,11.331,11.449,11.544,10.079,10.436,10.904,11.258,11.592,10.692,10.541,10.943,-1.222,-0.224,-0.134,-0.148,-0.118,-0.095,-0.357,-0.468,-0.354,-0.334,-0.645,-0.427,-0.251,-0.402,8.5,0.928,1.37E+07
38000,9.181,10.410,10.641,10.777,10.928,11.295,11.415,11.511,10.021,10.387,10.860,11.217,11.552,10.646,10.492,10.902,-1.229,-0.231,-0.136,-0.151,-0.120,-0.096,-0.366,-0.473,-0.357,-0.335,-0.654,-0.435,-0.256,-0.410,8.5,0.929,1.17E+07
39000,9.122,10.359,10.596,10.734,10.887,11.259,11.380,11.477,9.962,10.338,10.816,11.175,11.513,10.600,10.444,10.861,-1.237,-0.237,-0.138,-0.153,-0.121,-0.097,-0.376,-0.478,-0.359,-0.338,-0.663,-0.443,-0.261,-0.417,8.5,0.930,1.03E+07
40000,9.063,10.307,10.551,10.690,10.847,11.222,11.345,11.444,9.904,10.289,10.772,11.134,11.473,10.554,10.395,10.820,-1.244,-0.244,-0.139,-0.157,-0.123,-0.099,-0.385,-0.483,-0.362,-0.339,-0.671,-0.450,-0.266,-0.425,8.5,0.931,9103000
3500,21.656,20.965,19.483,18.533,17.623,16.606,16.108,15.792,22.504,20.255,18.894,18.252,17.857,18.775,19.704,17.800,0.691,1.482,0.950,0.910,0.498,0.316,2.249,1.361,0.642,0.395,2.877,2.288,0.975,1.904,9,1.186,5.39E+09
3750,20.450,19.994,18.719,17.904,17.111,16.260,15.835,15.568,21.287,19.375,18.222,17.698,17.391,18.160,18.941,17.272,0.456,1.275,0.815,0.793,0.425,0.267,1.912,1.153,0.524,0.307,2.459,1.962,0.888,1.669,9,1.186,5.33E+09
4000,19.730,19.405,18.250,17.515,16.794,16.045,15.664,15.427,20.562,18.838,17.809,17.356,17.102,17.774,18.469,16.945,0.325,1.155,0.735,0.721,0.381,0.237,1.724,1.029,0.453,0.254,2.205,1.764,0.829,1.524,9,1.186,5.25E+09
4250,19.091,18.883,17.836,17.171,16.513,15.853,15.511,15.300,19.919,18.362,17.444,17.054,16.847,17.429,18.049,16.654,0.208,1.047,0.665,0.658,0.342,0.211,1.557,0.918,0.390,0.207,1.983,1.591,0.775,1.395,9,1.186,5.16E+09
4500,18.521,18.419,17.469,16.864,16.264,15.682,15.374,15.185,19.346,17.939,17.120,16.785,16.619,17.118,17.673,16.396,0.102,0.950,0.605,0.600,0.308,0.189,1.407,0.819,0.335,0.166,1.787,1.438,0.722,1.277,9,1.186,5.07E+09
4750,18.010,18.004,17.140,16.589,16.041,15.528,15.249,15.081,18.833,17.559,16.830,16.545,16.415,16.836,17.334,16.163,0.006,0.864,0.551,0.548,0.279,0.168,1.274,0.729,0.285,0.130,1.612,1.302,0.673,1.171,9,1.186,4.99E+09
5000,17.551,17.631,16.845,16.343,15.840,15.389,15.137,14.987,18.373,17.219,16.570,16.329,16.232,16.581,17.028,15.954,-0.080,0.786,0.502,0.503,0.252,0.150,1.154,0.649,0.241,0.097,1.456,1.181,0.627,1.074,9,1.186,4.89E+09
5250,17.135,17.294,16.578,16.119,15.659,15.262,15.034,14.900,17.955,16.911,16.335,16.134,16.066,16.348,16.750,15.765,-0.159,0.716,0.459,0.460,0.228,0.134,1.044,0.576,0.201,0.068,1.316,1.073,0.583,0.985,9,1.186,4.78E+09
5500,16.756,16.988,16.337,15.916,15.494,15.147,14.940,14.821,17.577,16.631,16.122,15.957,15.915,16.135,16.497,15.593,-0.232,0.651,0.421,0.422,0.207,0.119,0.946,0.509,0.165,0.042,1.190,0.975,0.542,0.904,9,1.186,4.64E+09
6000,16.097,16.456,15.917,15.563,15.208,14.946,14.776,14.682,16.917,16.144,15.751,15.649,15.653,15.760,16.053,15.293,-0.359,0.539,0.354,0.355,0.170,0.094,0.773,0.393,0.102,-0.004,0.971,0.805,0.467,0.760,9,1.186,4.29E+09
6500,15.548,16.012,15.566,15.267,14.967,14.776,14.637,14.563,16.368,15.737,15.441,15.391,15.431,15.442,15.679,15.041,-0.464,0.446,0.299,0.300,0.139,0.074,0.631,0.296,0.050,-0.040,0.790,0.665,0.401,0.638,9,1.186,3.91E+09
7000,15.087,15.636,15.266,15.011,14.757,14.625,14.511,14.455,15.908,15.391,15.175,15.167,15.238,15.166,15.358,14.822,-0.549,0.370,0.255,0.254,0.114,0.056,0.517,0.216,0.008,-0.071,0.641,0.550,0.344,0.536,9,1.186,3.54E+09
7500,14.694,15.312,15.005,14.786,14.571,14.488,14.396,14.355,15.516,15.091,14.941,14.969,15.066,14.922,15.077,14.628,-0.618,0.307,0.219,0.215,0.092,0.041,0.425,0.150,-0.028,-0.097,0.517,0.453,0.294,0.449,9,1.186,3.28E+09
8000,14.352,15.028,14.773,14.586,14.405,14.364,14.291,14.264,15.174,14.827,14.734,14.791,14.911,14.704,14.829,14.454,-0.676,0.255,0.187,0.181,0.073,0.027,0.347,0.093,-0.057,-0.120,0.409,0.370,0.250,0.375,9,1.187,3.06E+09
8500,14.044,14.763,14.549,14.388,14.237,14.241,14.189,14.175,14.868,14.578,14.529,14.614,14.755,14.492,14.591,14.279,-0.719,0.214,0.161,0.151,0.052,0.014,0.290,0.049,-0.085,-0.141,0.308,0.288,0.213,0.312,9,1.187,2.84E+09
9000,13.771,14.535,14.362,14.224,14.098,14.134,14.097,14.095,14.595,14.365,14.360,14.467,14.625,14.312,14.389,14.134,-0.764,0.173,0.138,0.126,0.037,0.002,0.230,0.005,-0.107,-0.158,0.228,0.226,0.178,0.255,9,1.187,2.64E+09
9500,13.522,14.328,14.195,14.081,13.979,14.045,14.021,14.028,14.347,14.173,14.211,14.341,14.515,14.153,14.208,14.010,-0.806,0.133,0.114,0.102,0.024,-0.007,0.174,-0.038,-0.130,-0.174,0.150,0.166,0.143,0.198,9,1.187,2.44E+09
10000,13.303,14.150,14.055,13.961,13.881,13.971,13.958,13.973,14.128,14.009,14.087,14.236,14.424,14.018,14.053,13.907,-0.847,0.095,0.094,0.080,0.013,-0.015,0.119,-0.078,-0.149,-0.188,0.084,0.116,0.111,0.146,9,1.187,2.26E+09
11000,12.923,13.831,13.790,13.727,13.681,13.817,13.825,13.855,13.750,13.710,13.847,14.026,14.236,13.761,13.766,13.699,-0.908,0.041,0.063,0.046,-0.008,-0.030,0.040,-0.137,-0.179,-0.210,-0.027,0.030,0.062,0.067,9,1.187,1.95E+09
12000,12.608,13.567,13.571,13.536,13.516,13.689,13.714,13.756,13.436,13.462,13.650,13.853,14.081,13.547,13.528,13.528,-0.959,-0.004,0.035,0.020,-0.025,-0.042,-0.026,-0.188,-0.203,-0.228,-0.118,-0.039,0.019,0.000,9,1.188,1.68E+09
13000,12.341,13.343,13.383,13.371,13.372,13.576,13.615,13.666,13.170,13.251,13.481,13.703,13.946,13.363,13.323,13.380,-1.002,-0.040,0.012,-0.001,-0.039,-0.051,-0.081,-0.230,-0.222,-0.243,-0.193,-0.095,-0.017,-0.057,9,1.188,1.46E+09
14000,12.111,13.148,13.215,13.223,13.243,13.473,13.523,13.580,12.941,13.065,13.330,13.568,13.824,13.199,13.143,13.246,-1.037,-0.067,-0.008,-0.020,-0.050,-0.057,-0.124,-0.265,-0.238,-0.256,-0.258,-0.143,-0.047,-0.103,9,1.188,1.27E+09
15000,11.911,12.974,13.061,13.086,13.121,13.373,13.433,13.495,12.742,12.899,13.190,13.442,13.708,13.049,12.981,13.122,-1.063,-0.087,-0.025,-0.035,-0.060,-0.062,-0.157,-0.291,-0.252,-0.266,-0.312,-0.183,-0.073,-0.141,9,1.188,1.10E+09
16000,11.734,12.817,12.916,12.956,13.003,13.274,13.342,13.410,12.566,12.746,13.057,13.322,13.596,12.909,12.830,13.002,-1.083,-0.099,-0.040,-0.047,-0.068,-0.068,-0.180,-0.311,-0.265,-0.274,-0.358,-0.217,-0.093,-0.172,9,1.189,9.52E+08
17000,11.576,12.673,12.778,12.831,12.888,13.173,13.250,13.323,12.408,12.605,12.930,13.203,13.485,12.776,12.690,12.885,-1.097,-0.105,-0.053,-0.057,-0.077,-0.073,-0.197,-0.325,-0.273,-0.282,-0.395,-0.243,-0.109,-0.195,9,1.189,8.22E+08
18000,11.433,12.540,12.648,12.712,12.775,13.070,13.155,13.234,12.265,12.473,12.810,13.089,13.375,12.651,12.560,12.772,-1.107,-0.108,-0.064,-0.063,-0.085,-0.079,-0.208,-0.337,-0.279,-0.286,-0.422,-0.260,-0.121,-0.212,9,1.189,7.06E+08
19000,11.303,12.420,12.529,12.602,12.670,12.970,13.061,13.145,12.136,12.353,12.700,12.984,13.273,12.537,12.441,12.667,-1.117,-0.109,-0.073,-0.068,-0.091,-0.084,-0.217,-0.347,-0.284,-0.289,-0.441,-0.270,-0.130,-0.226,9,1.189,6.01E+08
20000,11.185,12.311,12.424,12.506,12.578,12.880,12.974,13.060,12.019,12.247,12.603,12.890,13.182,12.435,12.335,12.575,-1.126,-0.113,-0.082,-0.072,-0.094,-0.086,-0.228,-0.356,-0.287,-0.292,-0.456,-0.277,-0.140,-0.240,9,1.190,5.11E+08
21000,11.080,12.215,12.334,12.423,12.499,12.803,12.900,12.986,11.913,12.153,12.519,12.811,13.105,12.347,12.243,12.495,-1.135,-0.119,-0.089,-0.076,-0.097,-0.086,-0.240,-0.366,-0.292,-0.294,-0.469,-0.284,-0.148,-0.252,9,1.190,4.36E+08
22000,10.985,12.130,12.257,12.351,12.433,12.740,12.838,12.924,11.819,12.071,12.446,12.743,13.040,12.270,12.162,12.428,-1.145,-0.127,-0.094,-0.082,-0.098,-0.086,-0.252,-0.375,-0.297,-0.297,-0.483,-0.294,-0.158,-0.266,9,1.190,3.73E+08
23000,10.902,12.056,12.191,12.290,12.377,12.688,12.789,12.875,11.737,12.000,12.384,12.686,12.987,12.205,12.092,12.371,-1.154,-0.135,-0.099,-0.087,-0.101,-0.086,-0.263,-0.384,-0.302,-0.301,-0.497,-0.304,-0.166,-0.279,9,1.190,3.20E+08
24000,10.833,11.994,12.137,12.240,12.333,12.648,12.750,12.837,11.668,11.941,12.334,12.640,12.944,12.151,12.034,12.325,-1.161,-0.143,-0.103,-0.093,-0.102,-0.087,-0.273,-0.393,-0.306,-0.304,-0.511,-0.314,-0.174,-0.291,9,1.191,2.81E+08
25000,10.781,11.948,12.096,12.203,12.300,12.619,12.722,12.810,11.616,11.896,12.295,12.606,12.912,12.110,11.991,12.291,-1.167,-0.148,-0.107,-0.097,-0.103,-0.088,-0.280,-0.399,-0.311,-0.306,-0.523,-0.324,-0.181,-0.300,9,1.191,2.51E+08
26000,10.745,11.916,12.068,12.178,12.277,12.599,12.704,12.792,11.581,11.866,12.270,12.582,12.890,12.082,11.961,12.268,-1.171,-0.152,-0.110,-0.099,-0.105,-0.088,-0.285,-0.404,-0.312,-0.308,-0.531,-0.329,-0.186,-0.307,9,1.191,2.26E+08
27000,10.716,11.890,12.046,12.157,12.259,12.583,12.688,12.777,11.551,11.841,12.248,12.563,12.872,12.060,11.937,12.249,-1.174,-0.156,-0.111,-0.102,-0.105,-0.089,-0.290,-0.407,-0.315,-0.309,-0.537,-0.335,-0.189,-0.312,9,1.191,2.04E+08
28000,10.683,11.861,12.020,12.134,12.238,12.565,12.671,12.760,11.519,11.813,12.225,12.542,12.853,12.034,11.909,12.228,-1.178,-0.159,-0.114,-0.104,-0.106,-0.089,-0.294,-0.412,-0.317,-0.311,-0.545,-0.340,-0.194,-0.319,9,1.192,1.84E+08
29000,10.645,11.827,11.991,12.107,12.215,12.544,12.652,12.741,11.481,11.781,12.197,12.517,12.830,12.005,11.878,12.203,-1.182,-0.164,-0.116,-0.108,-0.108,-0.089,-0.300,-0.416,-0.320,-0.313,-0.553,-0.347,-0.198,-0.325,9,1.192,1.67E+08
30000,10.601,11.788,11.957,12.076,12.188,12.521,12.630,12.720,11.438,11.744,12.166,12.489,12.804,11.971,11.842,12.175,-1.187,-0.169,-0.119,-0.112,-0.109,-0.090,-0.306,-0.422,-0.323,-0.315,-0.564,-0.355,-0.204,-0.333,9,1.192,1.51E+08
31000,10.551,11.744,11.918,12.041,12.157,12.495,12.605,12.695,11.388,11.702,12.130,12.457,12.775,11.933,11.800,12.143,-1.193,-0.174,-0.123,-0.116,-0.110,-0.090,-0.314,-0.428,-0.327,-0.318,-0.577,-0.365,-0.210,-0.343,9,1.194,1.82E+08
32000,10.498,11.697,11.878,12.004,12.125,12.467,12.578,12.670,11.336,11.657,12.093,12.424,12.744,11.893,11.757,12.110,-1.199,-0.181,-0.126,-0.121,-0.111,-0.092,-0.321,-0.436,-0.331,-0.320,-0.589,-0.374,-0.217,-0.353,9,1.195,1.64E+08
33000,10.442,11.648,11.836,11.965,12.090,12.437,12.550,12.641,11.280,11.610,12.052,12.387,12.710,11.849,11.710,12.074,-1.206,-0.188,-0.129,-0.125,-0.113,-0.091,-0.330,-0.442,-0.335,-0.323,-0.601,-0.385,-0.225,-0.364,9,1.195,1.48E+08
34000,10.384,11.596,11.791,11.923,12.053,12.404,12.518,12.611,11.222,11.561,12.010,12.349,12.674,11.804,11.662,12.035,-1.212,-0.195,-0.132,-0.130,-0.114,-0.093,-0.339,-0.449,-0.339,-0.325,-0.613,-0.394,-0.231,-0.373,9,1.196,1.34E+08
35000,10.324,11.544,11.747,11.881,12.014,12.369,12.485,12.579,11.163,11.512,11.967,12.309,12.636,11.759,11.614,11.995,-1.220,-0.203,-0.134,-0.133,-0.116,-0.094,-0.349,-0.455,-0.342,-0.327,-0.622,-0.402,-0.236,-0.381,9,1.196,1.20E+08
36000,10.266,11.493,11.703,11.838,11.975,12.335,12.452,12.547,11.105,11.463,11.924,12.268,12.598,11.713,11.565,11.955,-1.227,-0.210,-0.135,-0.137,-0.117,-0.095,-0.358,-0.461,-0.344,-0.330,-0.632,-0.411,-0.242,-0.390,9,1.197,1.08E+08
37000,10.207,11.441,11.658,11.795,11.935,12.299,12.418,12.514,11.046,11.414,11.880,12.228,12.560,11.667,11.517,11.914,-1.234,-0.217,-0.137,-0.140,-0.119,-0.096,-0.368,-0.466,-0.348,-0.332,-0.641,-0.419,-0.247,-0.397,9,1.197,9.68E+07
38000,10.150,11.391,11.615,11.753,11.897,12.265,12.385,12.483,10.990,11.366,11.838,12.188,12.522,11.623,11.469,11.875,-1.241,-0.224,-0.138,-0.144,-0.120,-0.098,-0.376,-0.472,-0.350,-0.334,-0.650,-0.427,-0.252,-0.406,9,1.198,8.66E+07
39000,10.094,11.342,11.571,11.712,11.858,12.231,12.352,12.451,10.933,11.319,11.796,12.149,12.485,11.578,11.423,11.835,-1.248,-0.229,-0.141,-0.146,-0.121,-0.099,-0.386,-0.477,-0.353,-0.336,-0.660,-0.435,-0.257,-0.412,9,1.198,7.76E+07
40000,10.038,11.292,11.528,11.670,11.820,12.196,12.319,12.419,10.878,11.272,11.754,12.109,12.447,11.534,11.376,11.796,-1.254,-0.236,-0.142,-0.150,-0.123,-0.100,-0.394,-0.482,-0.355,-0.338,-0.668,-0.442,-0.262,-0.420,9,1.199,6.96E+07