Teff,U-B,B-V,V-R,R-I,J-H,H-K,u-g,g-r,r-i,i-z,V-J,r-J,G-RP,BP-RP,Log g,Mass,Age
1500.0,2.399,2.506,0.275,-1.692,-0.006,-1.752,4.699,1.622,-2.049,0.316,-1.557,-1.959,-0.28,-0.246,7.0,0.15,1.62299996E10
1750.0,2.214,2.411,0.454,-1.08,-0.138,-1.242,4.428,1.73,-1.456,0.213,-0.811,-1.348,0.074,0.228,7.0,0.151,1.33799997E10
2000.0,2.038,2.3,0.601,-0.553,-0.249,-0.916,4.162,1.764,-0.907,0.139,-0.168,-0.783,0.351,0.651,7.0,0.151,1.07800003E10
2250.0,1.88,2.187,0.717,-0.128,-0.317,-0.665,3.925,1.745,-0.439,0.095,0.365,-0.283,0.553,1.007,7.0,0.151,7.8790001E9
2500.0,1.735,2.077,0.804,0.217,-0.367,-0.487,3.707,1.694,-0.063,0.097,0.815,0.165,0.7,1.299,7.0,0.152,5.4790001E9
2750.0,1.597,1.97,0.86,0.476,-0.389,-0.361,3.5,1.624,0.212,0.132,1.203,0.569,0.802,1.519,7.0,0.152,3.94300006E9
3000.0,1.459,1.861,0.883,0.644,-0.379,-0.266,3.294,1.542,0.385,0.184,1.54,0.933,0.863,1.657,7.0,0.152,3.472E9
3250.0,1.317,1.747,0.875,0.728,-0.323,-0.189,3.084,1.451,0.468,0.231,1.826,1.252,0.89,1.712,7.0,0.153,3.14499994E9
3500.0,1.17,1.628,0.843,0.751,-0.219,-0.116,2.866,1.351,0.488,0.258,2.041,1.505,0.889,1.7,7.0,0.153,2.92700006E9
3750.0,1.013,1.501,0.796,0.739,-0.075,-0.036,2.637,1.245,0.472,0.259,2.154,1.658,0.869,1.641,7.0,0.154,2.80300006E9
4000.0,0.847,1.365,0.742,0.705,0.088,0.024,2.393,1.131,0.437,0.243,2.146,1.693,0.835,1.553,7.0,0.155,2.55000013E9
4250.0,0.669,1.223,0.681,0.661,0.238,0.047,2.137,1.01,0.392,0.215,2.037,1.63,0.792,1.446,7.0,0.157,2.22899994E9
4500.0,0.493,1.087,0.621,0.613,0.333,0.078,1.889,0.892,0.345,0.182,1.884,1.522,0.744,1.333,7.0,0.159,1.95500006E9
4750.0,0.324,0.958,0.565,0.565,0.364,0.106,1.652,0.781,0.298,0.149,1.723,1.403,0.694,1.221,7.0,0.162,1.674E9
5000.0,0.149,0.839,0.51,0.52,0.357,0.108,1.414,0.676,0.254,0.118,1.567,1.288,0.644,1.111,7.0,0.168,1.36E9
5250.0,-0.026,0.734,0.463,0.479,0.339,0.097,1.186,0.583,0.215,0.09,1.429,1.186,0.596,1.011,7.0,0.174,1.14700006E9
5500.0,-0.182,0.647,0.421,0.441,0.322,0.082,0.988,0.503,0.18,0.065,1.306,1.095,0.552,0.92,7.0,0.179,9.696E8
6000.0,-0.386,0.515,0.35,0.376,0.289,0.053,0.733,0.371,0.119,0.022,1.096,0.94,0.472,0.765,7.0,0.188,7.762E8
6500.0,-0.492,0.423,0.293,0.322,0.251,0.032,0.592,0.273,0.068,-0.014,0.919,0.806,0.405,0.642,7.0,0.192,6.3289997E8
7000.0,-0.548,0.356,0.248,0.275,0.212,0.016,0.516,0.195,0.026,-0.046,0.764,0.686,0.348,0.542,7.0,0.197,5.182E8
7500.0,-0.571,0.306,0.208,0.233,0.174,0.002,0.48,0.131,-0.011,-0.075,0.625,0.578,0.297,0.456,7.0,0.201,4.253E8
8000.0,-0.568,0.267,0.17,0.195,0.138,-0.008,0.473,0.075,-0.044,-0.104,0.494,0.477,0.25,0.379,7.0,0.205,3.464E8
8500.0,-0.551,0.237,0.135,0.157,0.103,-0.014,0.487,0.025,-0.076,-0.132,0.37,0.381,0.203,0.307,7.0,0.209,2.836E8
9000.0,-0.525,0.213,0.1,0.12,0.07,-0.02,0.512,-0.022,-0.106,-0.159,0.252,0.292,0.159,0.24,7.0,0.213,2.318E8
9500.0,-0.498,0.194,0.066,0.085,0.04,-0.025,0.539,-0.065,-0.136,-0.185,0.141,0.209,0.116,0.176,7.0,0.217,1.878E8
10000.0,-0.475,0.173,0.035,0.052,0.014,-0.027,0.559,-0.104,-0.164,-0.208,0.042,0.134,0.074,0.115,7.0,0.22,1.524E8
10500.0,-0.464,0.154,0.008,0.024,-0.004,-0.029,0.568,-0.142,-0.187,-0.228,-0.04,0.075,0.038,0.062,7.0,0.223,1.239E8
11000.0,-0.456,0.133,-0.014,0.002,-0.016,-0.029,0.571,-0.174,-0.207,-0.241,-0.103,0.029,0.008,0.017,7.0,0.226,9.931E7
11500.0,-0.453,0.113,-0.03,-0.013,-0.021,-0.029,0.568,-0.201,-0.221,-0.248,-0.146,-0.001,-0.016,-0.017,7.0,0.229,7.99E7
12000.0,-0.461,0.093,-0.044,-0.026,-0.026,-0.03,0.554,-0.226,-0.234,-0.254,-0.184,-0.028,-0.035,-0.047,7.0,0.231,6.589E7
12500.0,-0.481,0.071,-0.053,-0.038,-0.03,-0.032,0.527,-0.248,-0.244,-0.26,-0.219,-0.055,-0.053,-0.074,7.0,0.234,5.545E7
13000.0,-0.51,0.051,-0.06,-0.046,-0.036,-0.034,0.491,-0.265,-0.253,-0.266,-0.247,-0.079,-0.067,-0.096,7.0,0.237,4.702E7
13500.0,-0.54,0.031,-0.065,-0.054,-0.041,-0.037,0.452,-0.28,-0.261,-0.27,-0.271,-0.1,-0.08,-0.116,7.0,0.239,3.995E7
14000.0,-0.571,0.013,-0.069,-0.061,-0.044,-0.04,0.414,-0.294,-0.267,-0.274,-0.294,-0.12,-0.091,-0.134,7.0,0.242,3.464E7
14500.0,-0.603,-0.003,-0.073,-0.067,-0.048,-0.042,0.376,-0.306,-0.273,-0.278,-0.314,-0.138,-0.101,-0.15,7.0,0.244,2.999E7
15000.0,-0.633,-0.018,-0.076,-0.073,-0.051,-0.045,0.339,-0.317,-0.278,-0.282,-0.333,-0.155,-0.11,-0.165,7.0,0.247,2.62E7
15500.0,-0.663,-0.031,-0.079,-0.078,-0.054,-0.047,0.303,-0.326,-0.284,-0.284,-0.351,-0.171,-0.118,-0.178,7.0,0.25,2.306E7
16000.0,-0.691,-0.044,-0.082,-0.083,-0.057,-0.05,0.269,-0.336,-0.288,-0.288,-0.367,-0.185,-0.126,-0.191,7.0,0.252,2.034E7
16500.0,-0.718,-0.055,-0.085,-0.088,-0.06,-0.052,0.237,-0.344,-0.293,-0.291,-0.384,-0.2,-0.134,-0.204,7.0,0.254,1.805E7
17000.0,-0.744,-0.066,-0.088,-0.091,-0.062,-0.054,0.205,-0.352,-0.296,-0.294,-0.399,-0.213,-0.141,-0.215,7.0,0.257,1.6E7
20000.0,-0.876,-0.118,-0.102,-0.115,-0.075,-0.066,0.05,-0.393,-0.317,-0.309,-0.48,-0.284,-0.178,-0.275,7.0,0.27,7439000.0
25000.0,-1.029,-0.185,-0.121,-0.144,-0.095,-0.082,-0.131,-0.445,-0.344,-0.33,-0.583,-0.374,-0.229,-0.356,7.0,0.288,2546000.0
30000.0,-1.144,-0.238,-0.136,-0.166,-0.111,-0.097,-0.271,-0.486,-0.363,-0.346,-0.665,-0.445,-0.268,-0.419,7.0,0.304,1096000.0
35000.0,-1.218,-0.275,-0.14,-0.176,-0.114,-0.098,-0.363,-0.507,-0.374,-0.351,-0.701,-0.48,-0.289,-0.454,7.0,0.32,575700.0
40000.0,-1.253,-0.293,-0.144,-0.18,-0.116,-0.097,-0.405,-0.52,-0.378,-0.354,-0.718,-0.494,-0.299,-0.471,7.0,0.338,316600.0
45000.0,-1.273,-0.305,-0.145,-0.184,-0.116,-0.097,-0.431,-0.528,-0.381,-0.356,-0.728,-0.503,-0.306,-0.483,7.0,0.353,185700.0
50000.0,-1.288,-0.313,-0.146,-0.186,-0.117,-0.096,-0.448,-0.533,-0.384,-0.357,-0.734,-0.509,-0.311,-0.491,7.0,0.366,115600.0
55000.0,-1.298,-0.32,-0.148,-0.187,-0.117,-0.096,-0.462,-0.537,-0.385,-0.358,-0.74,-0.514,-0.314,-0.497,7.0,0.379,77540.0
60000.0,-1.307,-0.325,-0.149,-0.189,-0.117,-0.097,-0.473,-0.541,-0.386,-0.359,-0.744,-0.517,-0.318,-0.502,7.0,0.394,55760.0
65000.0,-1.314,-0.329,-0.149,-0.191,-0.117,-0.097,-0.481,-0.544,-0.388,-0.359,-0.748,-0.521,-0.32,-0.506,7.0,0.411,47090.0
70000.0,-1.32,-0.332,-0.151,-0.191,-0.117,-0.097,-0.488,-0.548,-0.388,-0.36,-0.752,-0.523,-0.322,-0.51,7.0,0.43,44100.0
75000.0,-1.325,-0.336,-0.151,-0.192,-0.118,-0.097,-0.495,-0.55,-0.389,-0.36,-0.754,-0.525,-0.325,-0.514,7.0,0.452,34580.0
80000.0,-1.329,-0.339,-0.152,-0.193,-0.119,-0.097,-0.5,-0.552,-0.391,-0.36,-0.757,-0.528,-0.327,-0.517,7.0,0.472,28080.0
85000.0,-1.333,-0.341,-0.153,-0.194,-0.119,-0.097,-0.505,-0.554,-0.391,-0.361,-0.76,-0.53,-0.328,-0.52,7.0,0.489,26600.0
90000.0,-1.337,-0.344,-0.153,-0.194,-0.12,-0.097,-0.51,-0.556,-0.392,-0.361,-0.762,-0.532,-0.331,-0.523,7.0,0.506,29450.0
100000.0,-1.343,-0.348,-0.154,-0.196,-0.12,-0.097,-0.517,-0.559,-0.393,-0.362,-0.767,-0.536,-0.333,-0.527,7.0,0.543,31680.0
110000.0,-1.347,-0.351,-0.156,-0.197,-0.121,-0.098,-0.523,-0.562,-0.395,-0.363,-0.772,-0.54,-0.337,-0.532,7.0,0.576,18630.0
120000.0,-1.351,-0.355,-0.156,-0.199,-0.122,-0.099,-0.529,-0.564,-0.396,-0.364,-0.776,-0.544,-0.339,-0.536,7.0,0.582,8709.0
130000.0,-1.355,-0.357,-0.157,-0.2,-0.123,-0.1,-0.533,-0.567,-0.397,-0.365,-0.78,-0.547,-0.341,-0.539,7.0,0.613,4535.0
140000.0,-1.358,-0.359,-0.158,-0.202,-0.124,-0.101,-0.537,-0.569,-0.398,-0.366,-0.784,-0.55,-0.343,-0.542,7.0,0.624,3682.0
1500.0,2.288,2.364,0.164,-1.766,0.005,-1.73,4.519,1.43,-2.145,0.344,-1.668,-1.962,-0.405,-0.403,7.5,0.317,1.58099999E10
1750.0,2.134,2.317,0.359,-1.184,-0.133,-1.265,4.299,1.592,-1.577,0.228,-0.963,-1.416,-0.035,0.075,7.5,0.317,1.392E10
2000.0,1.973,2.237,0.521,-0.675,-0.23,-0.921,4.062,1.67,-1.046,0.142,-0.333,-0.889,0.258,0.501,7.5,0.317,1.23399997E10
2250.0,1.826,2.143,0.652,-0.248,-0.306,-0.678,3.844,1.684,-0.573,0.087,0.187,-0.423,0.48,0.871,7.5,0.317,1.10200003E10
2500.0,1.691,2.047,0.749,0.107,-0.358,-0.501,3.642,1.654,-0.181,0.074,0.634,0.009,0.641,1.177,7.5,0.317,1.00499999E10
2750.0,1.562,1.949,0.818,0.382,-0.389,-0.375,3.451,1.598,0.117,0.099,1.026,0.408,0.755,1.415,7.5,0.317,8.8780001E9
3000.0,1.434,1.849,0.852,0.575,-0.391,-0.279,3.261,1.526,0.317,0.146,1.364,0.767,0.829,1.577,7.5,0.317,7.7650002E9
3250.0,1.303,1.743,0.854,0.683,-0.351,-0.207,3.067,1.441,0.425,0.197,1.658,1.091,0.866,1.657,7.5,0.318,6.7490002E9
3500.0,1.167,1.63,0.83,0.723,-0.272,-0.144,2.864,1.348,0.461,0.232,1.891,1.359,0.873,1.664,7.5,0.318,5.7020001E9
3750.0,1.02,1.51,0.787,0.72,-0.148,-0.075,2.649,1.245,0.455,0.242,2.037,1.545,0.858,1.618,7.5,0.319,4.7229998E9
4000.0,0.866,1.383,0.737,0.694,0.008,-0.01,2.424,1.138,0.427,0.232,2.073,1.621,0.83,1.542,7.5,0.319,4.15699994E9
4250.0,0.698,1.245,0.679,0.655,0.165,0.024,2.18,1.021,0.387,0.208,2.0,1.593,0.79,1.443,7.5,0.32,3.67000013E9
4500.0,0.526,1.109,0.622,0.609,0.282,0.053,1.935,0.905,0.341,0.179,1.867,1.503,0.744,1.335,7.5,0.321,3.136E9
4750.0,0.362,0.981,0.566,0.563,0.335,0.089,1.704,0.794,0.296,0.147,1.715,1.393,0.696,1.226,7.5,0.323,2.65699994E9
5000.0,0.197,0.863,0.513,0.518,0.341,0.102,1.478,0.69,0.253,0.116,1.563,1.281,0.645,1.117,7.5,0.326,2.16199987E9
5250.0,0.039,0.758,0.465,0.477,0.328,0.095,1.265,0.596,0.214,0.088,1.423,1.178,0.598,1.018,7.5,0.329,1.73900006E9
5500.0,-0.118,0.666,0.423,0.44,0.311,0.083,1.063,0.514,0.179,0.063,1.299,1.086,0.554,0.927,7.5,0.333,1.512E9
6000.0,-0.358,0.525,0.351,0.376,0.278,0.056,0.763,0.378,0.12,0.02,1.09,0.933,0.473,0.769,7.5,0.338,1.22899994E9
6500.0,-0.491,0.427,0.294,0.322,0.245,0.033,0.594,0.275,0.07,-0.016,0.915,0.802,0.406,0.644,7.5,0.341,1.022E9
7000.0,-0.564,0.358,0.248,0.276,0.21,0.016,0.497,0.197,0.028,-0.046,0.762,0.685,0.349,0.543,7.5,0.343,8.614E8
7500.0,-0.6,0.307,0.209,0.236,0.175,0.002,0.446,0.134,-0.008,-0.075,0.626,0.579,0.298,0.458,7.5,0.345,7.3329997E8
8000.0,-0.614,0.27,0.173,0.2,0.141,-0.008,0.424,0.08,-0.039,-0.102,0.5,0.481,0.253,0.384,7.5,0.347,6.2809997E8
8500.0,-0.612,0.241,0.14,0.165,0.109,-0.016,0.421,0.034,-0.07,-0.127,0.382,0.389,0.211,0.317,7.5,0.349,5.4110003E8
9000.0,-0.6,0.22,0.107,0.131,0.08,-0.023,0.43,-0.008,-0.098,-0.153,0.268,0.302,0.17,0.254,7.5,0.352,4.681E8
9500.0,-0.585,0.203,0.076,0.098,0.052,-0.028,0.443,-0.047,-0.124,-0.179,0.162,0.222,0.129,0.194,7.5,0.354,4.066E8
10000.0,-0.571,0.188,0.046,0.067,0.027,-0.032,0.457,-0.084,-0.149,-0.203,0.064,0.149,0.091,0.138,7.5,0.356,3.543E8
10500.0,-0.563,0.173,0.02,0.039,0.008,-0.036,0.464,-0.117,-0.173,-0.221,-0.019,0.087,0.057,0.089,7.5,0.359,3.097E8
11000.0,-0.561,0.156,-0.002,0.015,-0.006,-0.038,0.463,-0.147,-0.193,-0.238,-0.089,0.035,0.026,0.043,7.5,0.361,2.715E8
11500.0,-0.561,0.14,-0.021,-0.004,-0.017,-0.039,0.458,-0.174,-0.21,-0.25,-0.145,-0.005,-0.001,0.004,7.5,0.363,2.384E8
12000.0,-0.56,0.125,-0.036,-0.017,-0.022,-0.04,0.455,-0.196,-0.223,-0.257,-0.184,-0.033,-0.021,-0.025,7.5,0.364,2.096E8
12500.0,-0.565,0.11,-0.048,-0.03,-0.026,-0.04,0.447,-0.218,-0.234,-0.262,-0.218,-0.056,-0.039,-0.052,7.5,0.366,1.846E8
13000.0,-0.577,0.091,-0.058,-0.041,-0.03,-0.041,0.429,-0.238,-0.245,-0.268,-0.25,-0.081,-0.056,-0.078,7.5,0.368,1.628E8
13500.0,-0.598,0.072,-0.065,-0.05,-0.035,-0.043,0.401,-0.255,-0.254,-0.273,-0.278,-0.104,-0.071,-0.1,7.5,0.37,1.438E8
14000.0,-0.623,0.053,-0.071,-0.057,-0.04,-0.045,0.37,-0.271,-0.261,-0.278,-0.301,-0.123,-0.082,-0.119,7.5,0.372,1.272E8
14500.0,-0.648,0.034,-0.074,-0.065,-0.044,-0.047,0.336,-0.284,-0.268,-0.282,-0.322,-0.142,-0.093,-0.136,7.5,0.373,1.126E8
15000.0,-0.675,0.018,-0.079,-0.07,-0.047,-0.049,0.303,-0.297,-0.273,-0.286,-0.342,-0.159,-0.103,-0.152,7.5,0.375,9.982E7
15500.0,-0.701,0.003,-0.082,-0.076,-0.051,-0.051,0.271,-0.308,-0.279,-0.289,-0.36,-0.175,-0.112,-0.167,7.5,0.377,8.868E7
16000.0,-0.728,-0.011,-0.085,-0.081,-0.054,-0.054,0.24,-0.318,-0.284,-0.292,-0.376,-0.19,-0.121,-0.181,7.5,0.379,7.89E7
16500.0,-0.753,-0.024,-0.087,-0.086,-0.057,-0.056,0.209,-0.328,-0.288,-0.295,-0.392,-0.204,-0.128,-0.194,7.5,0.381,7.048E7
17000.0,-0.777,-0.035,-0.091,-0.09,-0.06,-0.058,0.18,-0.337,-0.292,-0.298,-0.408,-0.217,-0.136,-0.207,7.5,0.383,6.316E7
20000.0,-0.901,-0.095,-0.105,-0.113,-0.074,-0.069,0.029,-0.38,-0.314,-0.312,-0.487,-0.287,-0.175,-0.269,7.5,0.394,3.171E7
25000.0,-1.048,-0.168,-0.124,-0.143,-0.093,-0.085,-0.149,-0.436,-0.341,-0.332,-0.59,-0.377,-0.226,-0.351,7.5,0.411,1.675E7
30000.0,-1.159,-0.225,-0.138,-0.166,-0.109,-0.1,-0.285,-0.477,-0.362,-0.347,-0.67,-0.448,-0.266,-0.415,7.5,0.428,9661000.0
35000.0,-1.227,-0.267,-0.141,-0.176,-0.115,-0.1,-0.37,-0.503,-0.372,-0.353,-0.704,-0.481,-0.287,-0.451,7.5,0.45,4587000.0
40000.0,-1.26,-0.287,-0.145,-0.18,-0.116,-0.099,-0.411,-0.516,-0.378,-0.355,-0.722,-0.497,-0.298,-0.47,7.5,0.464,3095000.0
45000.0,-1.279,-0.3,-0.146,-0.184,-0.116,-0.099,-0.435,-0.525,-0.381,-0.357,-0.732,-0.506,-0.305,-0.481,7.5,0.48,2248000.0
50000.0,-1.292,-0.309,-0.148,-0.186,-0.117,-0.098,-0.453,-0.531,-0.383,-0.358,-0.739,-0.512,-0.31,-0.49,7.5,0.496,1691000.0
55000.0,-1.303,-0.316,-0.148,-0.189,-0.118,-0.099,-0.465,-0.536,-0.385,-0.359,-0.743,-0.516,-0.315,-0.497,7.5,0.512,1286000.0
60000.0,-1.31,-0.322,-0.149,-0.19,-0.118,-0.098,-0.476,-0.54,-0.386,-0.36,-0.748,-0.52,-0.318,-0.503,7.5,0.527,963300.0
65000.0,-1.317,-0.326,-0.151,-0.191,-0.119,-0.098,-0.483,-0.544,-0.388,-0.36,-0.752,-0.523,-0.321,-0.507,7.5,0.541,740200.0
70000.0,-1.322,-0.331,-0.151,-0.192,-0.119,-0.098,-0.491,-0.546,-0.389,-0.36,-0.755,-0.526,-0.323,-0.511,7.5,0.555,568400.0
75000.0,-1.327,-0.335,-0.152,-0.193,-0.119,-0.098,-0.497,-0.549,-0.39,-0.361,-0.758,-0.529,-0.326,-0.515,7.5,0.569,447000.0
80000.0,-1.331,-0.337,-0.153,-0.194,-0.12,-0.098,-0.502,-0.551,-0.391,-0.362,-0.761,-0.531,-0.328,-0.518,7.5,0.583,353600.0
85000.0,-1.335,-0.34,-0.153,-0.195,-0.12,-0.098,-0.507,-0.553,-0.392,-0.362,-0.763,-0.533,-0.33,-0.521,7.5,0.599,272800.0
90000.0,-1.339,-0.343,-0.153,-0.196,-0.12,-0.098,-0.511,-0.555,-0.393,-0.362,-0.765,-0.535,-0.331,-0.523,7.5,0.613,205600.0
100000.0,-1.343,-0.348,-0.154,-0.197,-0.121,-0.098,-0.518,-0.559,-0.394,-0.363,-0.769,-0.538,-0.334,-0.528,7.5,0.639,124100.0
110000.0,-1.348,-0.351,-0.156,-0.198,-0.121,-0.099,-0.524,-0.562,-0.395,-0.364,-0.773,-0.541,-0.337,-0.532,7.5,0.667,89360.0
120000.0,-1.352,-0.355,-0.156,-0.199,-0.122,-0.099,-0.529,-0.564,-0.396,-0.365,-0.776,-0.544,-0.339,-0.536,7.5,0.699,72940.0
130000.0,-1.356,-0.357,-0.157,-0.201,-0.123,-0.099,-0.534,-0.566,-0.397,-0.365,-0.78,-0.547,-0.341,-0.539,7.5,0.72,61320.0
140000.0,-1.359,-0.359,-0.158,-0.202,-0.124,-0.099,-0.537,-0.569,-0.398,-0.366,-0.783,-0.549,-0.344,-0.543,7.5,0.739,41680.0
1500.0,2.171,2.216,0.082,-1.745,0.006,-1.639,4.329,1.263,-2.154,0.357,-1.65,-1.861,-0.472,-0.489,8.0,0.575,1.48100004E10
1750.0,2.034,2.213,0.278,-1.216,-0.11,-1.202,4.142,1.454,-1.632,0.248,-0.97,-1.345,-0.111,-0.03,8.0,0.575,1.41299999E10
2000.0,1.899,2.166,0.45,-0.75,-0.216,-0.903,3.949,1.57,-1.132,0.146,-0.44,-0.936,0.185,0.389,8.0,0.575,1.35000003E10
2250.0,1.768,2.096,0.588,-0.34,-0.287,-0.676,3.757,1.616,-0.681,0.085,0.049,-0.518,0.413,0.754,8.0,0.575,1.29100001E10
2500.0,1.644,2.016,0.696,0.007,-0.347,-0.503,3.577,1.61,-0.293,0.061,0.491,-0.107,0.584,1.063,8.0,0.575,1.23500001E10
2750.0,1.526,1.93,0.773,0.29,-0.379,-0.398,3.401,1.572,0.019,0.071,0.867,0.266,0.708,1.313,8.0,0.575,1.18099999E10
3000.0,1.408,1.838,0.819,0.5,-0.39,-0.287,3.227,1.511,0.241,0.111,1.199,0.612,0.792,1.493,8.0,0.575,1.12999997E10
3250.0,1.288,1.739,0.832,0.63,-0.37,-0.219,3.047,1.434,0.374,0.161,1.493,0.932,0.84,1.596,8.0,0.576,1.08100004E10
3500.0,1.162,1.633,0.816,0.689,-0.311,-0.162,2.859,1.346,0.431,0.201,1.737,1.209,0.856,1.624,8.0,0.576,1.02700001E10
3750.0,1.025,1.518,0.78,0.698,-0.213,-0.111,2.658,1.248,0.436,0.22,1.91,1.419,0.847,1.594,8.0,0.576,9.6449997E9
4000.0,0.884,1.398,0.733,0.681,-0.071,-0.044,2.451,1.145,0.415,0.218,1.985,1.533,0.823,1.529,8.0,0.576,9.0130002E9
4250.0,0.726,1.267,0.678,0.646,0.085,-0.001,2.221,1.032,0.38,0.199,1.951,1.543,0.787,1.439,8.0,0.577,8.352E9
4500.0,0.56,1.132,0.622,0.604,0.221,0.027,1.983,0.918,0.337,0.173,1.842,1.476,0.743,1.335,8.0,0.578,7.5820001E9
4750.0,0.397,1.004,0.567,0.561,0.299,0.066,1.752,0.807,0.294,0.144,1.702,1.378,0.696,1.229,8.0,0.578,6.7369999E9
5000.0,0.239,0.886,0.515,0.517,0.322,0.091,1.533,0.704,0.252,0.114,1.556,1.271,0.648,1.124,8.0,0.58,5.688E9
5250.0,0.089,0.781,0.468,0.475,0.316,0.092,1.33,0.61,0.213,0.087,1.418,1.17,0.601,1.025,8.0,0.582,4.4009999E9
5500.0,-0.055,0.688,0.424,0.439,0.3,0.082,1.139,0.526,0.178,0.061,1.293,1.078,0.556,0.934,8.0,0.584,3.16999987E9
6000.0,-0.314,0.537,0.353,0.375,0.268,0.057,0.811,0.386,0.12,0.018,1.082,0.923,0.476,0.776,8.0,0.588,2.24099994E9
6500.0,-0.479,0.433,0.294,0.322,0.238,0.034,0.607,0.279,0.07,-0.016,0.908,0.795,0.407,0.646,8.0,0.59,1.828E9
7000.0,-0.571,0.359,0.247,0.278,0.207,0.015,0.488,0.197,0.03,-0.047,0.759,0.683,0.348,0.542,8.0,0.592,1.52E9
7500.0,-0.623,0.307,0.208,0.239,0.174,0.002,0.42,0.134,-0.005,-0.075,0.626,0.58,0.299,0.458,8.0,0.593,1.274E9
8000.0,-0.65,0.269,0.174,0.203,0.143,-0.009,0.382,0.082,-0.035,-0.1,0.503,0.485,0.255,0.385,8.0,0.595,1.07500006E9
8500.0,-0.661,0.242,0.143,0.17,0.114,-0.018,0.366,0.038,-0.064,-0.125,0.39,0.396,0.214,0.321,8.0,0.596,9.17E8
9000.0,-0.661,0.222,0.113,0.138,0.086,-0.024,0.362,-0.001,-0.09,-0.149,0.282,0.313,0.177,0.263,8.0,0.598,7.9190003E8
9500.0,-0.657,0.207,0.084,0.109,0.062,-0.031,0.364,-0.035,-0.115,-0.172,0.18,0.234,0.14,0.208,8.0,0.599,6.894E8
10000.0,-0.652,0.195,0.056,0.079,0.04,-0.036,0.368,-0.068,-0.138,-0.195,0.084,0.162,0.104,0.156,8.0,0.6,6.0329997E8
10500.0,-0.65,0.184,0.031,0.053,0.02,-0.039,0.37,-0.098,-0.159,-0.215,0.001,0.1,0.072,0.109,8.0,0.602,5.307E8
11000.0,-0.651,0.171,0.008,0.03,0.005,-0.043,0.366,-0.125,-0.179,-0.232,-0.072,0.045,0.043,0.066,8.0,0.603,4.695E8
11500.0,-0.658,0.158,-0.011,0.01,-0.006,-0.046,0.356,-0.15,-0.196,-0.245,-0.132,0.001,0.016,0.027,8.0,0.604,4.179E8
12000.0,-0.665,0.144,-0.027,-0.007,-0.015,-0.047,0.346,-0.173,-0.211,-0.256,-0.182,-0.036,-0.007,-0.007,8.0,0.606,3.735E8
12500.0,-0.669,0.132,-0.041,-0.02,-0.02,-0.049,0.34,-0.193,-0.223,-0.264,-0.22,-0.063,-0.026,-0.034,8.0,0.607,3.348E8
13000.0,-0.672,0.121,-0.052,-0.03,-0.025,-0.049,0.332,-0.209,-0.233,-0.269,-0.249,-0.083,-0.041,-0.056,8.0,0.608,3.005E8
13500.0,-0.679,0.107,-0.062,-0.04,-0.028,-0.049,0.322,-0.227,-0.242,-0.274,-0.278,-0.104,-0.055,-0.078,8.0,0.609,2.701E8
14000.0,-0.692,0.091,-0.07,-0.05,-0.033,-0.05,0.304,-0.244,-0.252,-0.279,-0.305,-0.125,-0.071,-0.101,8.0,0.61,2.431E8
14500.0,-0.709,0.074,-0.076,-0.059,-0.037,-0.052,0.281,-0.26,-0.259,-0.284,-0.33,-0.145,-0.083,-0.12,8.0,0.611,2.189E8
15000.0,-0.73,0.056,-0.08,-0.066,-0.041,-0.054,0.254,-0.273,-0.266,-0.288,-0.35,-0.163,-0.095,-0.138,8.0,0.613,1.972E8
15500.0,-0.752,0.04,-0.084,-0.072,-0.046,-0.056,0.227,-0.286,-0.273,-0.291,-0.368,-0.179,-0.104,-0.154,8.0,0.614,1.778E8
16000.0,-0.773,0.024,-0.087,-0.078,-0.048,-0.059,0.199,-0.297,-0.278,-0.295,-0.386,-0.195,-0.113,-0.168,8.0,0.615,1.603E8
16500.0,-0.795,0.01,-0.091,-0.083,-0.051,-0.061,0.171,-0.307,-0.284,-0.297,-0.403,-0.21,-0.122,-0.182,8.0,0.616,1.445E8
17000.0,-0.817,-0.004,-0.093,-0.088,-0.055,-0.062,0.145,-0.318,-0.287,-0.301,-0.417,-0.222,-0.129,-0.195,8.0,0.617,1.303E8
20000.0,-0.933,-0.069,-0.108,-0.111,-0.07,-0.073,0.002,-0.365,-0.31,-0.315,-0.496,-0.292,-0.17,-0.261,8.0,0.624,6.896E7
25000.0,-1.073,-0.148,-0.127,-0.142,-0.09,-0.088,-0.17,-0.425,-0.338,-0.334,-0.599,-0.382,-0.223,-0.346,8.0,0.635,2.216E7
30000.0,-1.177,-0.212,-0.14,-0.164,-0.106,-0.101,-0.3,-0.47,-0.36,-0.348,-0.676,-0.451,-0.263,-0.411,8.0,0.646,9239000.0
35000.0,-1.237,-0.259,-0.143,-0.175,-0.113,-0.102,-0.379,-0.499,-0.37,-0.354,-0.709,-0.483,-0.285,-0.448,8.0,0.661,6331000.0
40000.0,-1.267,-0.281,-0.146,-0.18,-0.116,-0.101,-0.418,-0.512,-0.377,-0.356,-0.725,-0.499,-0.298,-0.468,8.0,0.672,4018000.0
45000.0,-1.285,-0.294,-0.148,-0.184,-0.117,-0.1,-0.44,-0.522,-0.38,-0.358,-0.736,-0.508,-0.305,-0.481,8.0,0.682,2808000.0
50000.0,-1.297,-0.304,-0.149,-0.187,-0.118,-0.1,-0.457,-0.529,-0.382,-0.359,-0.743,-0.514,-0.31,-0.489,8.0,0.694,1818000.0
55000.0,-1.306,-0.312,-0.15,-0.189,-0.119,-0.1,-0.469,-0.534,-0.385,-0.359,-0.748,-0.519,-0.314,-0.496,8.0,0.703,1534000.0
60000.0,-1.314,-0.318,-0.151,-0.19,-0.119,-0.1,-0.479,-0.538,-0.387,-0.36,-0.752,-0.523,-0.318,-0.503,8.0,0.713,1257000.0
65000.0,-1.32,-0.323,-0.152,-0.192,-0.12,-0.1,-0.487,-0.542,-0.388,-0.361,-0.756,-0.526,-0.321,-0.507,8.0,0.722,1055000.0
70000.0,-1.325,-0.328,-0.153,-0.193,-0.12,-0.099,-0.493,-0.546,-0.389,-0.361,-0.76,-0.529,-0.323,-0.511,8.0,0.732,901100.0
75000.0,-1.33,-0.332,-0.153,-0.194,-0.121,-0.099,-0.5,-0.547,-0.391,-0.362,-0.762,-0.532,-0.326,-0.515,8.0,0.741,777300.0
80000.0,-1.334,-0.336,-0.153,-0.195,-0.121,-0.1,-0.505,-0.55,-0.392,-0.362,-0.764,-0.534,-0.328,-0.519,8.0,0.75,676000.0
85000.0,-1.337,-0.338,-0.154,-0.196,-0.121,-0.099,-0.509,-0.552,-0.393,-0.362,-0.768,-0.537,-0.329,-0.521,8.0,0.759,590700.0
90000.0,-1.34,-0.341,-0.155,-0.197,-0.122,-0.099,-0.513,-0.555,-0.393,-0.363,-0.77,-0.538,-0.332,-0.525,8.0,0.768,519500.0
100000.0,-1.346,-0.346,-0.155,-0.198,-0.122,-0.099,-0.52,-0.559,-0.394,-0.364,-0.773,-0.541,-0.335,-0.53,8.0,0.785,402300.0
110000.0,-1.35,-0.35,-0.156,-0.199,-0.123,-0.099,-0.526,-0.561,-0.396,-0.365,-0.776,-0.544,-0.337,-0.533,8.0,0.804,308000.0
120000.0,-1.354,-0.353,-0.157,-0.201,-0.123,-0.1,-0.53,-0.564,-0.397,-0.365,-0.78,-0.547,-0.339,-0.537,8.0,0.824,234200.0
130000.0,-1.357,-0.357,-0.158,-0.201,-0.123,-0.1,-0.535,-0.566,-0.398,-0.366,-0.783,-0.55,-0.342,-0.54,8.0,0.843,191200.0
140000.0,-1.36,-0.359,-0.158,-0.203,-0.124,-0.1,-0.538,-0.569,-0.399,-0.366,-0.786,-0.552,-0.344,-0.544,8.0,0.862,177800.0
1500.0,2.031,2.122,-0.005,-1.678,-0.002,-1.486,4.137,1.108,-2.112,0.364,-1.532,-1.651,-0.512,-0.541,8.5,0.908,1.20999997E10
1750.0,1.919,2.104,0.219,-1.199,-0.109,-1.131,3.965,1.333,-1.62,0.239,-0.973,-1.287,-0.148,-0.081,8.5,0.908,1.19899996E10
2000.0,1.811,2.083,0.389,-0.767,-0.2,-0.852,3.814,1.465,-1.165,0.156,-0.469,-0.907,0.137,0.315,8.5,0.908,1.18700001E10
2250.0,1.701,2.038,0.529,-0.395,-0.268,-0.646,3.657,1.536,-0.754,0.092,-0.019,-0.539,0.358,0.659,8.5,0.908,1.17199995E10
2500.0,1.592,1.976,0.643,-0.07,-0.331,-0.499,3.499,1.556,-0.385,0.059,0.377,-0.188,0.531,0.962,8.5,0.908,1.15599995E10
2750.0,1.486,1.903,0.729,0.201,-0.362,-0.375,3.344,1.538,-0.077,0.054,0.733,0.152,0.66,1.211,8.5,0.908,1.13900001E10
3000.0,1.379,1.823,0.784,0.42,-0.387,-0.292,3.186,1.491,0.161,0.079,1.05,0.476,0.752,1.404,8.5,0.908,1.12300001E10
3250.0,1.269,1.733,0.808,0.569,-0.379,-0.226,3.023,1.425,0.316,0.123,1.336,0.781,0.809,1.527,8.5,0.908,1.10599997E10
3500.0,1.152,1.636,0.801,0.649,-0.338,-0.175,2.85,1.344,0.394,0.168,1.581,1.057,0.835,1.578,8.5,0.908,1.088E10
3750.0,1.029,1.528,0.772,0.673,-0.259,-0.129,2.667,1.252,0.414,0.195,1.772,1.282,0.834,1.566,8.5,0.908,1.06800005E10
4000.0,0.896,1.414,0.729,0.664,-0.141,-0.077,2.472,1.153,0.401,0.201,1.88,1.428,0.816,1.514,8.5,0.909,1.04E10
4250.0,0.75,1.287,0.678,0.635,0.004,-0.028,2.256,1.044,0.371,0.189,1.887,1.477,0.783,1.432,8.5,0.909,1.00400005E10
4500.0,0.592,1.156,0.623,0.598,0.148,0.0,2.029,0.931,0.332,0.167,1.808,1.44,0.742,1.335,8.5,0.909,9.6760003E9
4750.0,0.432,1.029,0.569,0.557,0.25,0.04,1.802,0.822,0.291,0.14,1.685,1.358,0.697,1.233,8.5,0.909,9.2300001E9
5000.0,0.279,0.91,0.517,0.514,0.294,0.075,1.587,0.718,0.25,0.112,1.547,1.26,0.65,1.13,8.5,0.91,8.7079997E9
5250.0,0.132,0.803,0.47,0.474,0.299,0.085,1.386,0.623,0.212,0.085,1.413,1.162,0.604,1.032,8.5,0.91,8.0249999E9
5500.0,-0.005,0.71,0.427,0.437,0.29,0.079,1.203,0.539,0.177,0.059,1.287,1.069,0.559,0.941,8.5,0.911,7.072E9
6000.0,-0.259,0.554,0.353,0.374,0.257,0.059,0.875,0.395,0.118,0.017,1.073,0.913,0.478,0.781,8.5,0.913,5.2440003E9
6500.0,-0.452,0.44,0.295,0.322,0.229,0.036,0.635,0.283,0.072,-0.019,0.9,0.787,0.408,0.649,8.5,0.914,4.4280003E9
7000.0,-0.569,0.361,0.247,0.277,0.201,0.017,0.489,0.198,0.031,-0.048,0.753,0.678,0.348,0.543,8.5,0.915,3.79299994E9
7500.0,-0.638,0.306,0.207,0.24,0.173,0.001,0.402,0.133,-0.003,-0.075,0.623,0.579,0.299,0.457,8.5,0.916,3.26099994E9
8000.0,-0.677,0.266,0.174,0.205,0.144,-0.01,0.35,0.081,-0.032,-0.1,0.505,0.488,0.256,0.386,8.5,0.916,2.79100006E9
8500.0,-0.7,0.239,0.144,0.174,0.117,-0.019,0.321,0.038,-0.059,-0.122,0.395,0.402,0.217,0.324,8.5,0.917,2.37699994E9
9000.0,-0.71,0.219,0.116,0.145,0.092,-0.026,0.305,0.003,-0.084,-0.145,0.292,0.321,0.181,0.268,8.5,0.918,2.018E9
9500.0,-0.716,0.206,0.089,0.117,0.069,-0.032,0.298,-0.029,-0.106,-0.167,0.194,0.246,0.147,0.216,8.5,0.919,1.706E9
10000.0,-0.719,0.196,0.063,0.09,0.049,-0.037,0.294,-0.058,-0.128,-0.188,0.102,0.175,0.115,0.169,8.5,0.919,1.43500006E9
10500.0,-0.723,0.188,0.04,0.066,0.031,-0.041,0.289,-0.083,-0.148,-0.207,0.021,0.113,0.085,0.125,8.5,0.92,1.20499994E9
11000.0,-0.728,0.178,0.018,0.042,0.016,-0.045,0.282,-0.109,-0.166,-0.225,-0.054,0.057,0.056,0.083,8.5,0.921,1.037E9
11500.0,-0.738,0.168,-0.002,0.023,0.004,-0.048,0.27,-0.132,-0.183,-0.24,-0.117,0.01,0.031,0.046,8.5,0.922,9.044E8
12000.0,-0.75,0.156,-0.018,0.006,-0.005,-0.051,0.255,-0.153,-0.197,-0.252,-0.169,-0.029,0.009,0.014,8.5,0.922,8.0150003E8
12500.0,-0.762,0.144,-0.032,-0.009,-0.012,-0.053,0.24,-0.172,-0.211,-0.261,-0.214,-0.063,-0.011,-0.016,8.5,0.923,7.2369997E8
13000.0,-0.771,0.133,-0.044,-0.022,-0.018,-0.055,0.228,-0.19,-0.222,-0.269,-0.251,-0.09,-0.03,-0.042,8.5,0.924,6.5510003E8
13500.0,-0.777,0.124,-0.054,-0.031,-0.022,-0.056,0.22,-0.204,-0.231,-0.274,-0.279,-0.11,-0.043,-0.062,8.5,0.924,5.9270003E8
14000.0,-0.783,0.114,-0.062,-0.04,-0.026,-0.057,0.211,-0.217,-0.24,-0.278,-0.302,-0.127,-0.055,-0.081,8.5,0.925,5.365E8
14500.0,-0.791,0.103,-0.071,-0.049,-0.03,-0.057,0.201,-0.232,-0.248,-0.283,-0.327,-0.145,-0.068,-0.1,8.5,0.926,4.871E8
15000.0,-0.801,0.09,-0.079,-0.058,-0.034,-0.059,0.186,-0.246,-0.257,-0.287,-0.352,-0.164,-0.082,-0.12,8.5,0.926,4.439E8
15500.0,-0.815,0.076,-0.085,-0.066,-0.037,-0.061,0.167,-0.26,-0.263,-0.293,-0.375,-0.182,-0.093,-0.137,8.5,0.927,4.06E8
16000.0,-0.831,0.06,-0.089,-0.072,-0.041,-0.062,0.147,-0.273,-0.27,-0.296,-0.394,-0.199,-0.104,-0.154,8.5,0.927,3.723E8
16500.0,-0.848,0.045,-0.093,-0.078,-0.046,-0.063,0.124,-0.285,-0.275,-0.3,-0.411,-0.213,-0.114,-0.169,8.5,0.928,3.419E8
17000.0,-0.866,0.03,-0.096,-0.083,-0.049,-0.065,0.1,-0.296,-0.28,-0.303,-0.427,-0.227,-0.122,-0.183,8.5,0.929,3.145E8
20000.0,-0.969,-0.042,-0.11,-0.109,-0.065,-0.075,-0.031,-0.348,-0.306,-0.317,-0.506,-0.298,-0.165,-0.252,8.5,0.932,1.966E8
25000.0,-1.099,-0.129,-0.129,-0.141,-0.087,-0.09,-0.194,-0.413,-0.335,-0.335,-0.607,-0.386,-0.219,-0.34,8.5,0.938,9.664E7
30000.0,-1.195,-0.2,-0.142,-0.162,-0.104,-0.102,-0.318,-0.462,-0.356,-0.35,-0.682,-0.454,-0.261,-0.407,8.5,0.944,4.695E7
35000.0,-1.248,-0.251,-0.144,-0.174,-0.112,-0.103,-0.389,-0.494,-0.368,-0.354,-0.713,-0.485,-0.284,-0.446,8.5,0.954,2.478E7
40000.0,-1.274,-0.274,-0.148,-0.179,-0.115,-0.103,-0.425,-0.508,-0.375,-0.356,-0.729,-0.5,-0.296,-0.466,8.5,0.96,9758000.0
45000.0,-1.291,-0.289,-0.149,-0.183,-0.116,-0.102,-0.447,-0.518,-0.379,-0.358,-0.739,-0.51,-0.304,-0.479,8.5,0.966,4045000.0
50000.0,-1.302,-0.299,-0.15,-0.187,-0.118,-0.102,-0.462,-0.525,-0.382,-0.359,-0.746,-0.516,-0.309,-0.488,8.5,0.972,2016000.0
55000.0,-1.31,-0.308,-0.152,-0.188,-0.119,-0.101,-0.473,-0.532,-0.384,-0.36,-0.752,-0.521,-0.314,-0.495,8.5,0.977,1256000.0
60000.0,-1.317,-0.315,-0.152,-0.19,-0.12,-0.101,-0.483,-0.536,-0.386,-0.361,-0.756,-0.525,-0.318,-0.502,8.5,0.982,913600.0
65000.0,-1.324,-0.32,-0.153,-0.192,-0.121,-0.101,-0.49,-0.54,-0.388,-0.362,-0.76,-0.529,-0.321,-0.507,8.5,0.987,722200.0
70000.0,-1.328,-0.326,-0.153,-0.193,-0.121,-0.101,-0.496,-0.544,-0.389,-0.362,-0.763,-0.532,-0.323,-0.511,8.5,0.992,601800.0
75000.0,-1.333,-0.329,-0.154,-0.195,-0.121,-0.102,-0.502,-0.547,-0.39,-0.363,-0.767,-0.535,-0.326,-0.515,8.5,0.997,512900.0
80000.0,-1.336,-0.334,-0.154,-0.195,-0.122,-0.101,-0.507,-0.55,-0.391,-0.363,-0.769,-0.537,-0.329,-0.519,8.5,1.002,451000.0
85000.0,-1.34,-0.336,-0.155,-0.197,-0.122,-0.102,-0.512,-0.552,-0.392,-0.364,-0.772,-0.539,-0.33,-0.522,8.5,1.006,411400.0
90000.0,-1.342,-0.34,-0.156,-0.197,-0.123,-0.101,-0.515,-0.555,-0.393,-0.364,-0.774,-0.541,-0.332,-0.525,8.5,1.011,385900.0
100000.0,-1.347,-0.344,-0.157,-0.199,-0.124,-0.101,-0.522,-0.558,-0.394,-0.365,-0.778,-0.544,-0.335,-0.53,8.5,1.019,341200.0
110000.0,-1.351,-0.349,-0.158,-0.2,-0.124,-0.102,-0.528,-0.561,-0.396,-0.365,-0.781,-0.547,-0.339,-0.535,8.5,1.025,256900.0
120000.0,-1.354,-0.353,-0.158,-0.201,-0.125,-0.101,-0.532,-0.564,-0.397,-0.367,-0.784,-0.55,-0.341,-0.538,8.5,1.028,138300.0
130000.0,-1.358,-0.355,-0.159,-0.203,-0.125,-0.101,-0.536,-0.567,-0.398,-0.367,-0.788,-0.553,-0.343,-0.542,8.5,1.028,50450.0
140000.0,-1.361,-0.358,-0.16,-0.203,-0.126,-0.101,-0.539,-0.569,-0.399,-0.368,-0.79,-0.555,-0.345,-0.545,8.5,1.025,13170.0
1500.0,1.832,1.974,0.028,-1.445,0.012,-1.284,3.828,1.062,-1.911,0.37,-1.213,-1.353,-0.388,-0.394,9.0,1.194,7.3340001E9
1750.0,1.694,1.834,0.312,-0.978,-0.104,-1.001,3.56,1.304,-1.4,0.239,-0.583,-0.972,0.003,0.114,9.0,1.194,7.3139999E9
2000.0,1.714,1.999,0.337,-0.741,-0.178,-0.777,3.668,1.366,-1.152,0.158,-0.446,-0.831,0.11,0.274,9.0,1.194,7.2899999E9
2250.0,1.623,1.966,0.476,-0.407,-0.256,-0.606,3.539,1.449,-0.781,0.1,-0.045,-0.518,0.322,0.598,9.0,1.194,7.2690002E9
2500.0,1.53,1.922,0.59,-0.119,-0.303,-0.469,3.408,1.488,-0.45,0.062,0.311,-0.216,0.487,0.879,9.0,1.194,7.2470001E9
2750.0,1.437,1.867,0.68,0.133,-0.35,-0.368,3.273,1.489,-0.157,0.046,0.628,0.076,0.615,1.12,9.0,1.194,7.224E9
3000.0,1.343,1.799,0.744,0.344,-0.374,-0.289,3.134,1.462,0.08,0.056,0.925,0.368,0.711,1.315,9.0,1.194,7.1970002E9
3250.0,1.244,1.722,0.779,0.503,-0.378,-0.227,2.989,1.41,0.251,0.089,1.194,0.649,0.776,1.453,9.0,1.194,7.1650002E9
3500.0,1.138,1.635,0.782,0.601,-0.352,-0.183,2.833,1.34,0.349,0.132,1.431,0.911,0.81,1.523,9.0,1.194,7.1260001E9
3750.0,1.028,1.537,0.762,0.643,-0.289,-0.139,2.669,1.256,0.387,0.166,1.629,1.14,0.819,1.533,9.0,1.194,7.0729999E9
4000.0,0.904,1.428,0.724,0.644,-0.199,-0.102,2.486,1.161,0.384,0.18,1.761,1.309,0.806,1.494,9.0,1.194,6.9980001E9
4250.0,0.769,1.308,0.676,0.623,-0.072,-0.056,2.287,1.056,0.36,0.175,1.805,1.393,0.778,1.422,9.0,1.194,6.9049999E9
4500.0,0.622,1.181,0.623,0.589,0.069,-0.028,2.072,0.946,0.326,0.157,1.76,1.39,0.74,1.333,9.0,1.194,6.7810002E9
4750.0,0.468,1.055,0.57,0.551,0.19,0.01,1.853,0.837,0.288,0.133,1.659,1.33,0.696,1.234,9.0,1.194,6.6489999E9
5000.0,0.316,0.935,0.519,0.511,0.257,0.053,1.638,0.733,0.248,0.107,1.532,1.242,0.651,1.134,9.0,1.194,6.4940001E9
5250.0,0.173,0.827,0.473,0.472,0.279,0.074,1.441,0.638,0.21,0.082,1.404,1.15,0.605,1.038,9.0,1.194,6.3100001E9
5500.0,0.039,0.731,0.429,0.436,0.275,0.076,1.259,0.552,0.175,0.057,1.281,1.06,0.561,0.948,9.0,1.194,6.048E9
6000.0,-0.202,0.572,0.355,0.372,0.249,0.058,0.942,0.405,0.117,0.014,1.065,0.903,0.479,0.786,9.0,1.195,5.1020001E9
6500.0,-0.41,0.451,0.295,0.321,0.219,0.038,0.681,0.288,0.071,-0.021,0.89,0.777,0.409,0.653,9.0,1.195,4.4039997E9
7000.0,-0.553,0.364,0.246,0.278,0.195,0.018,0.504,0.199,0.032,-0.05,0.744,0.67,0.348,0.543,9.0,1.196,4.00300006E9
7500.0,-0.642,0.305,0.206,0.24,0.169,0.002,0.394,0.131,0.0,-0.077,0.617,0.576,0.298,0.456,9.0,1.196,3.67699994E9
8000.0,-0.696,0.262,0.173,0.207,0.143,-0.01,0.327,0.078,-0.029,-0.1,0.503,0.488,0.255,0.383,9.0,1.196,3.38599987E9
8500.0,-0.729,0.234,0.142,0.178,0.118,-0.02,0.284,0.037,-0.055,-0.122,0.397,0.406,0.217,0.322,9.0,1.196,3.11299994E9
9000.0,-0.751,0.214,0.116,0.15,0.096,-0.028,0.258,0.001,-0.078,-0.142,0.298,0.329,0.182,0.268,9.0,1.196,2.864E9
9500.0,-0.764,0.202,0.09,0.125,0.075,-0.034,0.242,-0.028,-0.099,-0.163,0.204,0.256,0.15,0.22,9.0,1.197,2.64300006E9
10000.0,-0.774,0.192,0.067,0.1,0.057,-0.039,0.231,-0.054,-0.119,-0.183,0.116,0.187,0.121,0.175,9.0,1.197,2.444E9
10500.0,-0.783,0.186,0.046,0.078,0.041,-0.043,0.22,-0.076,-0.136,-0.2,0.04,0.129,0.095,0.137,9.0,1.197,2.26E9
11000.0,-0.792,0.179,0.025,0.055,0.027,-0.047,0.211,-0.099,-0.154,-0.219,-0.038,0.069,0.067,0.096,9.0,1.197,2.08899994E9
11500.0,-0.803,0.171,0.005,0.036,0.014,-0.049,0.198,-0.12,-0.17,-0.234,-0.103,0.02,0.042,0.06,9.0,1.197,1.93299994E9
12000.0,-0.817,0.162,-0.011,0.018,0.005,-0.052,0.181,-0.139,-0.185,-0.246,-0.157,-0.021,0.021,0.029,9.0,1.198,1.79299994E9
12500.0,-0.832,0.15,-0.024,0.004,-0.002,-0.055,0.162,-0.157,-0.197,-0.256,-0.203,-0.056,0.002,0.0,9.0,1.198,1.66499994E9
13000.0,-0.847,0.139,-0.037,-0.009,-0.009,-0.057,0.144,-0.173,-0.21,-0.264,-0.243,-0.087,-0.016,-0.026,9.0,1.198,1.546E9
13500.0,-0.86,0.129,-0.048,-0.021,-0.015,-0.059,0.128,-0.19,-0.219,-0.272,-0.278,-0.112,-0.033,-0.051,9.0,1.198,1.434E9
14000.0,-0.869,0.119,-0.057,-0.031,-0.019,-0.061,0.117,-0.204,-0.229,-0.278,-0.307,-0.134,-0.047,-0.071,9.0,1.199,1.33E9
14500.0,-0.876,0.111,-0.064,-0.04,-0.023,-0.062,0.107,-0.214,-0.237,-0.282,-0.329,-0.151,-0.057,-0.087,9.0,1.199,1.232E9
15000.0,-0.883,0.104,-0.072,-0.047,-0.026,-0.063,0.098,-0.225,-0.243,-0.286,-0.35,-0.165,-0.068,-0.103,9.0,1.199,1.142E9
15500.0,-0.89,0.095,-0.079,-0.054,-0.03,-0.064,0.088,-0.237,-0.251,-0.29,-0.371,-0.181,-0.079,-0.119,9.0,1.199,1.059E9
16000.0,-0.901,0.085,-0.085,-0.063,-0.033,-0.066,0.076,-0.249,-0.258,-0.294,-0.393,-0.198,-0.091,-0.136,9.0,1.199,9.812E8
16500.0,-0.911,0.074,-0.092,-0.07,-0.037,-0.068,0.062,-0.261,-0.265,-0.299,-0.414,-0.214,-0.102,-0.152,9.0,1.2,9.086E8
17000.0,-0.924,0.061,-0.096,-0.077,-0.041,-0.069,0.046,-0.273,-0.272,-0.302,-0.433,-0.23,-0.112,-0.169,9.0,1.2,8.4030003E8
20000.0,-1.009,-0.016,-0.113,-0.105,-0.059,-0.078,-0.068,-0.33,-0.299,-0.319,-0.516,-0.303,-0.158,-0.242,9.0,1.201,5.13E8
25000.0,-1.128,-0.11,-0.132,-0.138,-0.082,-0.092,-0.223,-0.4,-0.329,-0.338,-0.617,-0.391,-0.215,-0.333,9.0,1.204,2.528E8
30000.0,-1.215,-0.188,-0.144,-0.16,-0.1,-0.104,-0.338,-0.453,-0.353,-0.35,-0.688,-0.457,-0.258,-0.404,9.0,1.206,1.489E8
35000.0,-1.259,-0.242,-0.147,-0.172,-0.11,-0.104,-0.401,-0.488,-0.366,-0.355,-0.718,-0.487,-0.283,-0.444,9.0,1.205,1.116E8
40000.0,-1.282,-0.268,-0.148,-0.179,-0.114,-0.103,-0.433,-0.505,-0.372,-0.357,-0.732,-0.501,-0.295,-0.465,9.0,1.208,7.077E7
45000.0,-1.297,-0.284,-0.15,-0.183,-0.116,-0.103,-0.453,-0.516,-0.376,-0.359,-0.742,-0.51,-0.303,-0.478,9.0,1.21,4.614E7
50000.0,-1.307,-0.296,-0.151,-0.186,-0.118,-0.103,-0.468,-0.523,-0.38,-0.36,-0.749,-0.517,-0.309,-0.488,9.0,1.212,2.818E7
55000.0,-1.315,-0.304,-0.153,-0.187,-0.119,-0.103,-0.478,-0.529,-0.383,-0.361,-0.755,-0.523,-0.314,-0.495,9.0,1.214,1.438E7
60000.0,-1.321,-0.312,-0.153,-0.19,-0.12,-0.103,-0.487,-0.534,-0.385,-0.362,-0.759,-0.527,-0.318,-0.502,9.0,1.217,5487000.0
65000.0,-1.327,-0.318,-0.154,-0.191,-0.121,-0.103,-0.494,-0.539,-0.386,-0.363,-0.763,-0.53,-0.321,-0.507,9.0,1.22,1821000.0
70000.0,-1.332,-0.323,-0.154,-0.193,-0.122,-0.103,-0.5,-0.542,-0.389,-0.363,-0.766,-0.534,-0.324,-0.511,9.0,1.222,991500.0
75000.0,-1.335,-0.328,-0.155,-0.194,-0.123,-0.103,-0.505,-0.546,-0.389,-0.364,-0.769,-0.536,-0.326,-0.515,9.0,1.224,725700.0
80000.0,-1.339,-0.331,-0.156,-0.195,-0.123,-0.103,-0.51,-0.549,-0.39,-0.365,-0.773,-0.539,-0.329,-0.519,9.0,1.226,594300.0
85000.0,-1.341,-0.335,-0.156,-0.197,-0.124,-0.103,-0.514,-0.551,-0.392,-0.364,-0.775,-0.541,-0.331,-0.522,9.0,1.228,490100.0
90000.0,-1.344,-0.339,-0.156,-0.198,-0.124,-0.103,-0.518,-0.553,-0.393,-0.365,-0.777,-0.544,-0.333,-0.526,9.0,1.229,359800.0
100000.0,-1.349,-0.343,-0.158,-0.199,-0.125,-0.103,-0.524,-0.558,-0.394,-0.366,-0.782,-0.547,-0.336,-0.531,9.0,1.227,86100.0
110000.0,-1.353,-0.348,-0.158,-0.201,-0.126,-0.103,-0.53,-0.561,-0.396,-0.366,-0.785,-0.55,-0.339,-0.535,9.0,1.215,4321.0
120000.0,-1.356,-0.352,-0.159,-0.202,-0.126,-0.103,-0.534,-0.564,-0.398,-0.367,-0.789,-0.554,-0.342,-0.539,9.0,1.192,56.99
130000.0,-1.359,-0.355,-0.16,-0.203,-0.127,-0.103,-0.537,-0.567,-0.399,-0.367,-0.792,-0.556,-0.344,-0.543,9.0,1.163,0.7305
140000.0,-1.361,-0.358,-0.161,-0.204,-0.127,-0.104,-0.541,-0.569,-0.4,-0.368,-0.795,-0.559,-0.346,-0.546,9.0,1.133,0.05296
1500.0,1.895,1.748,-0.103,-2.056,0.008,-1.089,3.806,0.871,-2.555,0.333,-1.868,-1.912,-0.91,-1.016,9.5,1.365,3.5E9
1750.0,1.907,1.947,0.046,-1.227,-0.073,-0.863,3.895,1.053,-1.684,0.221,-1.073,-1.215,-0.33,-0.318,9.5,1.365,3.49900006E9
2000.0,1.644,1.981,0.256,-0.74,-0.162,-0.681,3.589,1.268,-1.168,0.159,-0.477,-0.782,0.053,0.192,9.5,1.365,3.48899994E9
2250.0,1.539,1.911,0.423,-0.404,-0.23,-0.541,3.419,1.37,-0.795,0.109,-0.054,-0.476,0.289,0.544,9.5,1.365,3.47500006E9
2500.0,1.459,1.856,0.542,-0.135,-0.277,-0.423,3.299,1.411,-0.482,0.071,0.282,-0.204,0.455,0.82,9.5,1.365,3.46300006E9
2750.0,1.378,1.811,0.633,0.09,-0.325,-0.338,3.184,1.425,-0.213,0.047,0.569,0.05,0.578,1.046,9.5,1.365,3.45400013E9
3000.0,1.294,1.75,0.701,0.294,-0.358,-0.271,3.062,1.405,0.024,0.046,0.844,0.315,0.676,1.24,9.5,1.365,3.44899994E9
3250.0,1.208,1.698,0.743,0.441,-0.369,-0.218,2.939,1.381,0.186,0.063,1.076,0.548,0.74,1.374,9.5,1.365,3.444E9
3500.0,1.115,1.624,0.759,0.548,-0.354,-0.181,2.803,1.326,0.298,0.098,1.295,0.783,0.782,1.46,9.5,1.365,3.44E9
3750.0,1.015,1.537,0.747,0.604,-0.312,-0.149,2.654,1.252,0.352,0.133,1.484,1.0,0.799,1.489,9.5,1.365,3.43800013E9
4000.0,0.906,1.439,0.716,0.619,-0.24,-0.119,2.492,1.166,0.363,0.154,1.63,1.179,0.793,1.467,9.5,1.365,3.436E9
4250.0,0.783,1.327,0.673,0.607,-0.139,-0.08,2.31,1.067,0.347,0.157,1.706,1.293,0.77,1.408,9.5,1.365,3.43500006E9
4500.0,0.646,1.206,0.622,0.579,-0.011,-0.058,2.11,0.961,0.317,0.145,1.696,1.324,0.736,1.327,9.5,1.365,3.43500006E9
4750.0,0.501,1.082,0.572,0.544,0.119,-0.02,1.9,0.854,0.282,0.126,1.622,1.29,0.696,1.235,9.5,1.365,3.40999987E9
5000.0,0.355,0.963,0.523,0.507,0.208,0.023,1.693,0.752,0.245,0.103,1.514,1.219,0.653,1.14,9.5,1.365,3.34700006E9
5250.0,0.214,0.853,0.475,0.469,0.25,0.058,1.497,0.655,0.208,0.078,1.392,1.134,0.608,1.045,9.5,1.365,3.27699994E9
5500.0,0.08,0.754,0.432,0.433,0.258,0.068,1.313,0.567,0.173,0.055,1.272,1.048,0.564,0.954,9.5,1.365,3.20999987E9
6000.0,-0.154,0.591,0.358,0.369,0.239,0.056,1.002,0.416,0.115,0.012,1.058,0.893,0.481,0.793,9.5,1.365,3.036E9
6500.0,-0.359,0.464,0.296,0.318,0.211,0.038,0.738,0.296,0.069,-0.024,0.88,0.765,0.409,0.657,9.5,1.365,2.62099994E9
7000.0,-0.524,0.37,0.246,0.276,0.186,0.019,0.535,0.201,0.033,-0.053,0.734,0.661,0.348,0.544,9.5,1.365,2.44999987E9
7500.0,-0.634,0.304,0.204,0.241,0.163,0.003,0.4,0.13,0.0,-0.078,0.609,0.569,0.297,0.454,9.5,1.365,2.31900006E9
8000.0,-0.704,0.258,0.17,0.209,0.14,-0.01,0.314,0.075,-0.028,-0.1,0.498,0.486,0.253,0.38,9.5,1.366,2.18700006E9
8500.0,-0.75,0.227,0.141,0.18,0.118,-0.021,0.258,0.032,-0.052,-0.121,0.396,0.408,0.215,0.319,9.5,1.366,2.08E9
9000.0,-0.78,0.206,0.115,0.154,0.097,-0.029,0.221,-0.002,-0.074,-0.141,0.301,0.334,0.182,0.266,9.5,1.366,1.994E9
9500.0,-0.801,0.192,0.09,0.131,0.079,-0.035,0.195,-0.031,-0.093,-0.16,0.211,0.265,0.152,0.219,9.5,1.366,1.91E9
10000.0,-0.818,0.183,0.069,0.107,0.062,-0.041,0.177,-0.055,-0.111,-0.179,0.127,0.199,0.124,0.177,9.5,1.366,1.82499994E9
10500.0,-0.832,0.178,0.05,0.088,0.049,-0.044,0.162,-0.074,-0.126,-0.194,0.058,0.146,0.101,0.143,9.5,1.366,1.74700006E9
11000.0,-0.844,0.173,0.029,0.067,0.036,-0.049,0.148,-0.094,-0.143,-0.211,-0.02,0.085,0.075,0.106,9.5,1.366,1.68499994E9
11500.0,-0.856,0.168,0.01,0.047,0.023,-0.05,0.135,-0.113,-0.159,-0.227,-0.089,0.032,0.051,0.071,9.5,1.366,1.632E9
12000.0,-0.871,0.161,-0.005,0.029,0.014,-0.053,0.118,-0.129,-0.174,-0.24,-0.146,-0.013,0.03,0.04,9.5,1.366,1.57900006E9
12500.0,-0.887,0.151,-0.018,0.015,0.006,-0.056,0.1,-0.147,-0.185,-0.252,-0.192,-0.048,0.011,0.012,9.5,1.366,1.522E9
13000.0,-0.903,0.14,-0.03,0.002,-0.001,-0.058,0.079,-0.162,-0.197,-0.26,-0.233,-0.08,-0.007,-0.015,9.5,1.366,1.46300006E9
13500.0,-0.918,0.129,-0.041,-0.009,-0.007,-0.06,0.061,-0.178,-0.207,-0.268,-0.269,-0.107,-0.022,-0.038,9.5,1.366,1.406E9
14000.0,-0.932,0.118,-0.05,-0.021,-0.012,-0.063,0.043,-0.192,-0.217,-0.275,-0.301,-0.132,-0.037,-0.06,9.5,1.366,1.356E9
14500.0,-0.945,0.108,-0.059,-0.03,-0.016,-0.065,0.027,-0.205,-0.226,-0.28,-0.33,-0.154,-0.05,-0.08,9.5,1.366,1.312E9
15000.0,-0.955,0.1,-0.067,-0.038,-0.021,-0.066,0.016,-0.217,-0.234,-0.285,-0.354,-0.172,-0.062,-0.098,9.5,1.366,1.27100006E9
15500.0,-0.962,0.093,-0.073,-0.045,-0.023,-0.069,0.005,-0.226,-0.24,-0.289,-0.374,-0.187,-0.071,-0.112,9.5,1.366,1.23100006E9
16000.0,-0.97,0.088,-0.079,-0.052,-0.027,-0.069,-0.004,-0.234,-0.246,-0.293,-0.392,-0.2,-0.081,-0.125,9.5,1.366,1.19100006E9
16500.0,-0.978,0.081,-0.085,-0.058,-0.029,-0.071,-0.013,-0.243,-0.252,-0.296,-0.41,-0.214,-0.09,-0.138,9.5,1.367,1.15E9
17000.0,-0.986,0.074,-0.091,-0.066,-0.032,-0.072,-0.023,-0.253,-0.259,-0.3,-0.43,-0.229,-0.1,-0.153,9.5,1.367,1.11E9
20000.0,-1.053,0.007,-0.115,-0.1,-0.053,-0.08,-0.112,-0.313,-0.291,-0.319,-0.525,-0.307,-0.152,-0.233,9.5,1.367,9.368E8
25000.0,-1.158,-0.094,-0.135,-0.133,-0.077,-0.094,-0.253,-0.387,-0.323,-0.339,-0.625,-0.395,-0.21,-0.327,9.5,1.368,6.892E8
30000.0,-1.235,-0.178,-0.145,-0.157,-0.098,-0.103,-0.36,-0.445,-0.348,-0.35,-0.692,-0.458,-0.255,-0.399,9.5,1.369,3.744E8
35000.0,-1.268,-0.237,-0.149,-0.169,-0.109,-0.104,-0.412,-0.484,-0.362,-0.355,-0.72,-0.486,-0.282,-0.443,9.5,1.461,5.502E8
40000.0,-1.289,-0.264,-0.15,-0.177,-0.113,-0.104,-0.441,-0.502,-0.369,-0.358,-0.735,-0.501,-0.294,-0.463,9.5,1.461,6.4049997E8
45000.0,-1.302,-0.281,-0.151,-0.181,-0.116,-0.104,-0.46,-0.512,-0.375,-0.359,-0.744,-0.511,-0.302,-0.477,9.5,1.46,5.4510003E8
50000.0,-1.312,-0.292,-0.153,-0.184,-0.117,-0.104,-0.473,-0.521,-0.378,-0.36,-0.752,-0.518,-0.309,-0.487,9.5,1.46,3.184E8
55000.0,-1.319,-0.302,-0.154,-0.187,-0.119,-0.104,-0.483,-0.527,-0.381,-0.361,-0.757,-0.523,-0.314,-0.495,9.5,1.461,1.167E8
60000.0,-1.324,-0.31,-0.154,-0.189,-0.12,-0.104,-0.491,-0.533,-0.383,-0.363,-0.762,-0.528,-0.318,-0.502,9.5,1.461,2.443E7
65000.0,-1.329,-0.316,-0.155,-0.191,-0.121,-0.105,-0.498,-0.537,-0.386,-0.362,-0.766,-0.532,-0.321,-0.507,9.5,1.463,4000000.0
70000.0,-1.333,-0.322,-0.155,-0.193,-0.123,-0.104,-0.504,-0.541,-0.387,-0.364,-0.769,-0.535,-0.324,-0.512,9.5,1.463,1566000.0
75000.0,-1.337,-0.326,-0.156,-0.194,-0.123,-0.104,-0.509,-0.545,-0.388,-0.364,-0.773,-0.538,-0.327,-0.516,9.5,1.462,987800.0
80000.0,-1.34,-0.33,-0.157,-0.195,-0.124,-0.105,-0.512,-0.548,-0.39,-0.365,-0.776,-0.541,-0.329,-0.52,9.5,1.462,747600.0
85000.0,-1.344,-0.333,-0.158,-0.196,-0.124,-0.105,-0.517,-0.551,-0.39,-0.366,-0.779,-0.543,-0.331,-0.523,9.5,1.461,577400.0
90000.0,-1.345,-0.338,-0.157,-0.198,-0.126,-0.104,-0.52,-0.553,-0.392,-0.366,-0.78,-0.545,-0.333,-0.526,9.5,1.459,370800.0
100000.0,-1.35,-0.343,-0.159,-0.199,-0.126,-0.105,-0.526,-0.558,-0.394,-0.366,-0.785,-0.549,-0.337,-0.532,9.5,1.445,37090.0
110000.0,-1.354,-0.348,-0.159,-0.201,-0.127,-0.105,-0.531,-0.561,-0.396,-0.367,-0.789,-0.553,-0.34,-0.536,9.5,1.41,142.8
120000.0,-1.357,-0.351,-0.16,-0.202,-0.128,-0.105,-0.536,-0.564,-0.397,-0.368,-0.793,-0.556,-0.343,-0.54,9.5,1.353,0.01314
130000.0,-1.36,-0.355,-0.16,-0.204,-0.129,-0.105,-0.539,-0.567,-0.399,-0.368,-0.795,-0.559,-0.345,-0.544,9.5,1.282,3.91E-7
140000.0,-1.362,-0.358,-0.161,-0.205,-0.128,-0.106,-0.543,-0.569,-0.4,-0.369,-0.799,-0.562,-0.347,-0.547,9.5,1.213,8.472E-10